symbol,isin,source
360ONE,INE466L01038,https://nsearchives.nseindia.com/content/fo/fo_mktlots.csv
ABB,INE117A01022,https://nsearchives.nseindia.com/content/fo/fo_mktlots.csv
ABCAPITAL,INE674K01013,https://nsearchives.nseindia.com/content/fo/fo_mktlots.csv
ADANIENSOL,INE931S01010,https://nsearchives.nseindia.com/content/fo/fo_mktlots.csv
ADANIENT,INE423A01024,https://nsearchives.nseindia.com/content/fo/fo_mktlots.csv
ADANIGREEN,INE364U01010,https://nsearchives.nseindia.com/content/fo/fo_mktlots.csv
ADANIPORTS,INE742F01042,https://nsearchives.nseindia.com/content/fo/fo_mktlots.csv
ADANIPOWER,INE814H01029,https://nsearchives.nseindia.com/content/fo/fo_mktlots.csv
ALKEM,INE540L01014,https://nsearchives.nseindia.com/content/fo/fo_mktlots.csv
AMBER,INE371P01015,https://nsearchives.nseindia.com/content/fo/fo_mktlots.csv
AMBUJACEM,INE079A01024,https://nsearchives.nseindia.com/content/fo/fo_mktlots.csv
ANGELONE,INE732I01021,https://nsearchives.nseindia.com/content/fo/fo_mktlots.csv
APLAPOLLO,INE702C01027,https://nsearchives.nseindia.com/content/fo/fo_mktlots.csv
APOLLOHOSP,INE437A01024,https://nsearchives.nseindia.com/content/fo/fo_mktlots.csv
ASHOKLEY,INE208A01029,https://nsearchives.nseindia.com/content/fo/fo_mktlots.csv
ASIANPAINT,INE021A01026,https://nsearchives.nseindia.com/content/fo/fo_mktlots.csv
ASTRAL,INE006I01046,https://nsearchives.nseindia.com/content/fo/fo_mktlots.csv
AUBANK,INE949L01017,https://nsearchives.nseindia.com/content/fo/fo_mktlots.csv
AUROPHARMA,INE406A01037,https://nsearchives.nseindia.com/content/fo/fo_mktlots.csv
AXISBANK,INE238A01034,https://nsearchives.nseindia.com/content/fo/fo_mktlots.csv
BAJAJ-AUTO,INE917I01010,https://nsearchives.nseindia.com/content/fo/fo_mktlots.csv
BAJAJFINSV,INE918I01026,https://nsearchives.nseindia.com/content/fo/fo_mktlots.csv
BAJAJHLDNG,INE118A01012,https://nsearchives.nseindia.com/content/fo/fo_mktlots.csv
BAJFINANCE,INE296A01032,https://nsearchives.nseindia.com/content/fo/fo_mktlots.csv
BANDHANBNK,INE545U01014,https://nsearchives.nseindia.com/content/fo/fo_mktlots.csv
BANKBARODA,INE028A01039,https://nsearchives.nseindia.com/content/fo/fo_mktlots.csv
BANKINDIA,INE084A01016,https://nsearchives.nseindia.com/content/fo/fo_mktlots.csv
BDL,INE171Z01026,https://nsearchives.nseindia.com/content/fo/fo_mktlots.csv
BEL,INE263A01024,https://nsearchives.nseindia.com/content/fo/fo_mktlots.csv
BHARATFORG,INE465A01025,https://nsearchives.nseindia.com/content/fo/fo_mktlots.csv
BHARTIARTL,INE397D01024,https://nsearchives.nseindia.com/content/fo/fo_mktlots.csv
BHEL,INE257A01026,https://nsearchives.nseindia.com/content/fo/fo_mktlots.csv
BIOCON,INE376G01013,https://nsearchives.nseindia.com/content/fo/fo_mktlots.csv
BLUESTARCO,INE472A01039,https://nsearchives.nseindia.com/content/fo/fo_mktlots.csv
BOSCHLTD,INE323A01026,https://nsearchives.nseindia.com/content/fo/fo_mktlots.csv
BPCL,INE029A01011,https://nsearchives.nseindia.com/content/fo/fo_mktlots.csv
BRITANNIA,INE216A01030,https://nsearchives.nseindia.com/content/fo/fo_mktlots.csv
BSE,INE118H01025,https://nsearchives.nseindia.com/content/fo/fo_mktlots.csv
CAMS,INE596I01020,https://nsearchives.nseindia.com/content/fo/fo_mktlots.csv
CANBK,INE476A01022,https://nsearchives.nseindia.com/content/fo/fo_mktlots.csv
CDSL,INE736A01011,https://nsearchives.nseindia.com/content/fo/fo_mktlots.csv
CGPOWER,INE067A01029,https://nsearchives.nseindia.com/content/fo/fo_mktlots.csv
CHOLAFIN,INE121A01024,https://nsearchives.nseindia.com/content/fo/fo_mktlots.csv
CIPLA,INE059A01026,https://nsearchives.nseindia.com/content/fo/fo_mktlots.csv
COALINDIA,INE522F01014,https://nsearchives.nseindia.com/content/fo/fo_mktlots.csv
COCHINSHIP,INE704P01025,https://nsearchives.nseindia.com/content/fo/fo_mktlots.csv
COFORGE,INE591G01025,https://nsearchives.nseindia.com/content/fo/fo_mktlots.csv
COLPAL,INE259A01022,https://nsearchives.nseindia.com/content/fo/fo_mktlots.csv
CONCOR,INE111A01025,https://nsearchives.nseindia.com/content/fo/fo_mktlots.csv
CROMPTON,INE299U01018,https://nsearchives.nseindia.com/content/fo/fo_mktlots.csv
CUMMINSIND,INE298A01020,https://nsearchives.nseindia.com/content/fo/fo_mktlots.csv
DABUR,INE016A01026,https://nsearchives.nseindia.com/content/fo/fo_mktlots.csv
DALBHARAT,INE00R701025,https://nsearchives.nseindia.com/content/fo/fo_mktlots.csv
DELHIVERY,INE148O01028,https://nsearchives.nseindia.com/content/fo/fo_mktlots.csv
DIVISLAB,INE361B01024,https://nsearchives.nseindia.com/content/fo/fo_mktlots.csv
DIXON,INE935N01020,https://nsearchives.nseindia.com/content/fo/fo_mktlots.csv
DLF,INE271C01023,https://nsearchives.nseindia.com/content/fo/fo_mktlots.csv
DMART,INE192R01011,https://nsearchives.nseindia.com/content/fo/fo_mktlots.csv
DRREDDY,INE089A01031,https://nsearchives.nseindia.com/content/fo/fo_mktlots.csv
EICHERMOT,INE066A01021,https://nsearchives.nseindia.com/content/fo/fo_mktlots.csv
ETERNAL,INE758T01015,https://nsearchives.nseindia.com/content/fo/fo_mktlots.csv
FEDERALBNK,INE171A01029,https://nsearchives.nseindia.com/content/fo/fo_mktlots.csv
FORCEMOT,INE451A01017,https://nsearchives.nseindia.com/content/fo/fo_mktlots.csv
FORTIS,INE061F01013,https://nsearchives.nseindia.com/content/fo/fo_mktlots.csv
GAIL,INE129A01019,https://nsearchives.nseindia.com/content/fo/fo_mktlots.csv
GLENMARK,INE935A01035,https://nsearchives.nseindia.com/content/fo/fo_mktlots.csv
GMRAIRPORT,INE776C01039,https://nsearchives.nseindia.com/content/fo/fo_mktlots.csv
GODFRYPHLP,INE260B01028,https://nsearchives.nseindia.com/content/fo/fo_mktlots.csv
GODREJCP,INE102D01028,https://nsearchives.nseindia.com/content/fo/fo_mktlots.csv
GODREJPROP,INE484J01027,https://nsearchives.nseindia.com/content/fo/fo_mktlots.csv
GRASIM,INE047A01021,https://nsearchives.nseindia.com/content/fo/fo_mktlots.csv
GVT&D,INE200A01026,https://nsearchives.nseindia.com/content/fo/fo_mktlots.csv
HAL,INE066F01020,https://nsearchives.nseindia.com/content/fo/fo_mktlots.csv
HAVELLS,INE176B01034,https://nsearchives.nseindia.com/content/fo/fo_mktlots.csv
HCLTECH,INE860A01027,https://nsearchives.nseindia.com/content/fo/fo_mktlots.csv
HDFCAMC,INE127D01025,https://nsearchives.nseindia.com/content/fo/fo_mktlots.csv
HDFCBANK,INE040A01034,https://nsearchives.nseindia.com/content/fo/fo_mktlots.csv
HDFCLIFE,INE795G01014,https://nsearchives.nseindia.com/content/fo/fo_mktlots.csv
HEROMOTOCO,INE158A01026,https://nsearchives.nseindia.com/content/fo/fo_mktlots.csv
HINDALCO,INE038A01020,https://nsearchives.nseindia.com/content/fo/fo_mktlots.csv
HINDPETRO,INE094A01015,https://nsearchives.nseindia.com/content/fo/fo_mktlots.csv
HINDUNILVR,INE030A01027,https://nsearchives.nseindia.com/content/fo/fo_mktlots.csv
HINDZINC,INE267A01025,https://nsearchives.nseindia.com/content/fo/fo_mktlots.csv
HYUNDAI,INE0V6F01027,https://nsearchives.nseindia.com/content/fo/fo_mktlots.csv
ICICIBANK,INE090A01021,https://nsearchives.nseindia.com/content/fo/fo_mktlots.csv
ICICIGI,INE765G01017,https://nsearchives.nseindia.com/content/fo/fo_mktlots.csv
ICICIPRULI,INE726G01019,https://nsearchives.nseindia.com/content/fo/fo_mktlots.csv
IDEA,INE669E01016,https://nsearchives.nseindia.com/content/fo/fo_mktlots.csv
IDFCFIRSTB,INE092T01019,https://nsearchives.nseindia.com/content/fo/fo_mktlots.csv
IEX,INE022Q01020,https://nsearchives.nseindia.com/content/fo/fo_mktlots.csv
INDHOTEL,INE053A01029,https://nsearchives.nseindia.com/content/fo/fo_mktlots.csv
INDIANB,INE562A01011,https://nsearchives.nseindia.com/content/fo/fo_mktlots.csv
INDIGO,INE646L01027,https://nsearchives.nseindia.com/content/fo/fo_mktlots.csv
INDUSINDBK,INE095A01012,https://nsearchives.nseindia.com/content/fo/fo_mktlots.csv
INDUSTOWER,INE121J01017,https://nsearchives.nseindia.com/content/fo/fo_mktlots.csv
INFY,INE009A01021,https://nsearchives.nseindia.com/content/fo/fo_mktlots.csv
INOXWIND,INE066P01011,https://nsearchives.nseindia.com/content/fo/fo_mktlots.csv
IOC,INE242A01010,https://nsearchives.nseindia.com/content/fo/fo_mktlots.csv
IREDA,INE202E01016,https://nsearchives.nseindia.com/content/fo/fo_mktlots.csv
IRFC,INE053F01010,https://nsearchives.nseindia.com/content/fo/fo_mktlots.csv
ITC,INE154A01025,https://nsearchives.nseindia.com/content/fo/fo_mktlots.csv
JINDALSTEL,INE749A01030,https://nsearchives.nseindia.com/content/fo/fo_mktlots.csv
JIOFIN,INE758E01017,https://nsearchives.nseindia.com/content/fo/fo_mktlots.csv
JSWENERGY,INE121E01018,https://nsearchives.nseindia.com/content/fo/fo_mktlots.csv
JSWSTEEL,INE019A01038,https://nsearchives.nseindia.com/content/fo/fo_mktlots.csv
JUBLFOOD,INE797F01020,https://nsearchives.nseindia.com/content/fo/fo_mktlots.csv
KALYANKJIL,INE303R01014,https://nsearchives.nseindia.com/content/fo/fo_mktlots.csv
KAYNES,INE918Z01012,https://nsearchives.nseindia.com/content/fo/fo_mktlots.csv
KEI,INE878B01027,https://nsearchives.nseindia.com/content/fo/fo_mktlots.csv
KFINTECH,INE138Y01010,https://nsearchives.nseindia.com/content/fo/fo_mktlots.csv
KOTAKBANK,INE237A01036,https://nsearchives.nseindia.com/content/fo/fo_mktlots.csv
KPITTECH,INE04I401011,https://nsearchives.nseindia.com/content/fo/fo_mktlots.csv
LAURUSLABS,INE947Q01028,https://nsearchives.nseindia.com/content/fo/fo_mktlots.csv
LICHSGFIN,INE115A01026,https://nsearchives.nseindia.com/content/fo/fo_mktlots.csv
LICI,INE0J1Y01017,https://nsearchives.nseindia.com/content/fo/fo_mktlots.csv
LODHA,INE670K01029,https://nsearchives.nseindia.com/content/fo/fo_mktlots.csv
LT,INE018A01030,https://nsearchives.nseindia.com/content/fo/fo_mktlots.csv
LTF,INE498L01015,https://nsearchives.nseindia.com/content/fo/fo_mktlots.csv
LTM,INE214T01019,https://nsearchives.nseindia.com/content/fo/fo_mktlots.csv
LUPIN,INE326A01037,https://nsearchives.nseindia.com/content/fo/fo_mktlots.csv
M&M,INE101A01026,https://nsearchives.nseindia.com/content/fo/fo_mktlots.csv
MANAPPURAM,INE522D01027,https://nsearchives.nseindia.com/content/fo/fo_mktlots.csv
MANKIND,INE634S01028,https://nsearchives.nseindia.com/content/fo/fo_mktlots.csv
MARICO,INE196A01026,https://nsearchives.nseindia.com/content/fo/fo_mktlots.csv
MARUTI,INE585B01010,https://nsearchives.nseindia.com/content/fo/fo_mktlots.csv
MAXHEALTH,INE027H01010,https://nsearchives.nseindia.com/content/fo/fo_mktlots.csv
MAZDOCK,INE249Z01020,https://nsearchives.nseindia.com/content/fo/fo_mktlots.csv
MCX,INE745G01043,https://nsearchives.nseindia.com/content/fo/fo_mktlots.csv
MFSL,INE180A01020,https://nsearchives.nseindia.com/content/fo/fo_mktlots.csv
MOTHERSON,INE775A01035,https://nsearchives.nseindia.com/content/fo/fo_mktlots.csv
MOTILALOFS,INE338I01027,https://nsearchives.nseindia.com/content/fo/fo_mktlots.csv
MPHASIS,INE356A01018,https://nsearchives.nseindia.com/content/fo/fo_mktlots.csv
MUTHOOTFIN,INE414G01012,https://nsearchives.nseindia.com/content/fo/fo_mktlots.csv
NAM-INDIA,INE298J01013,https://nsearchives.nseindia.com/content/fo/fo_mktlots.csv
NATIONALUM,INE139A01034,https://nsearchives.nseindia.com/content/fo/fo_mktlots.csv
NAUKRI,INE663F01032,https://nsearchives.nseindia.com/content/fo/fo_mktlots.csv
NBCC,INE095N01031,https://nsearchives.nseindia.com/content/fo/fo_mktlots.csv
NESTLEIND,INE239A01024,https://nsearchives.nseindia.com/content/fo/fo_mktlots.csv
NHPC,INE848E01016,https://nsearchives.nseindia.com/content/fo/fo_mktlots.csv
NMDC,INE584A01023,https://nsearchives.nseindia.com/content/fo/fo_mktlots.csv
NTPC,INE733E01010,https://nsearchives.nseindia.com/content/fo/fo_mktlots.csv
NYKAA,INE388Y01029,https://nsearchives.nseindia.com/content/fo/fo_mktlots.csv
OBEROIRLTY,INE093I01010,https://nsearchives.nseindia.com/content/fo/fo_mktlots.csv
OFSS,INE881D01027,https://nsearchives.nseindia.com/content/fo/fo_mktlots.csv
OIL,INE274J01014,https://nsearchives.nseindia.com/content/fo/fo_mktlots.csv
ONGC,INE213A01029,https://nsearchives.nseindia.com/content/fo/fo_mktlots.csv
PAGEIND,INE761H01022,https://nsearchives.nseindia.com/content/fo/fo_mktlots.csv
PATANJALI,INE619A01035,https://nsearchives.nseindia.com/content/fo/fo_mktlots.csv
PAYTM,INE982J01020,https://nsearchives.nseindia.com/content/fo/fo_mktlots.csv
PERSISTENT,INE262H01021,https://nsearchives.nseindia.com/content/fo/fo_mktlots.csv
PETRONET,INE347G01014,https://nsearchives.nseindia.com/content/fo/fo_mktlots.csv
PFC,INE134E01011,https://nsearchives.nseindia.com/content/fo/fo_mktlots.csv
PGEL,INE457L01029,https://nsearchives.nseindia.com/content/fo/fo_mktlots.csv
PHOENIXLTD,INE211B01039,https://nsearchives.nseindia.com/content/fo/fo_mktlots.csv
PIDILITIND,INE318A01026,https://nsearchives.nseindia.com/content/fo/fo_mktlots.csv
PIIND,INE603J01030,https://nsearchives.nseindia.com/content/fo/fo_mktlots.csv
PNB,INE160A01022,https://nsearchives.nseindia.com/content/fo/fo_mktlots.csv
PNBHOUSING,INE572E01012,https://nsearchives.nseindia.com/content/fo/fo_mktlots.csv
POLICYBZR,INE417T01026,https://nsearchives.nseindia.com/content/fo/fo_mktlots.csv
POLYCAB,INE455K01017,https://nsearchives.nseindia.com/content/fo/fo_mktlots.csv
POWERGRID,INE752E01010,https://nsearchives.nseindia.com/content/fo/fo_mktlots.csv
POWERINDIA,INE07Y701011,https://nsearchives.nseindia.com/content/fo/fo_mktlots.csv
PREMIERENE,INE0BS701011,https://nsearchives.nseindia.com/content/fo/fo_mktlots.csv
PRESTIGE,INE811K01011,https://nsearchives.nseindia.com/content/fo/fo_mktlots.csv
RADICO,INE944F01028,https://nsearchives.nseindia.com/content/fo/fo_mktlots.csv
RBLBANK,INE976G01028,https://nsearchives.nseindia.com/content/fo/fo_mktlots.csv
RECLTD,INE020B01018,https://nsearchives.nseindia.com/content/fo/fo_mktlots.csv
RELIANCE,INE002A01018,https://nsearchives.nseindia.com/content/fo/fo_mktlots.csv
RVNL,INE415G01027,https://nsearchives.nseindia.com/content/fo/fo_mktlots.csv
SAIL,INE114A01011,https://nsearchives.nseindia.com/content/fo/fo_mktlots.csv
SBICARD,INE018E01016,https://nsearchives.nseindia.com/content/fo/fo_mktlots.csv
SBILIFE,INE123W01016,https://nsearchives.nseindia.com/content/fo/fo_mktlots.csv
SBIN,INE062A01020,https://nsearchives.nseindia.com/content/fo/fo_mktlots.csv
SHREECEM,INE070A01015,https://nsearchives.nseindia.com/content/fo/fo_mktlots.csv
SHRIRAMFIN,INE721A01047,https://nsearchives.nseindia.com/content/fo/fo_mktlots.csv
SIEMENS,INE003A01024,https://nsearchives.nseindia.com/content/fo/fo_mktlots.csv
SOLARINDS,INE343H01029,https://nsearchives.nseindia.com/content/fo/fo_mktlots.csv
SONACOMS,INE073K01018,https://nsearchives.nseindia.com/content/fo/fo_mktlots.csv
SRF,INE647A01010,https://nsearchives.nseindia.com/content/fo/fo_mktlots.csv
SUNPHARMA,INE044A01036,https://nsearchives.nseindia.com/content/fo/fo_mktlots.csv
SUPREMEIND,INE195A01028,https://nsearchives.nseindia.com/content/fo/fo_mktlots.csv
SUZLON,INE040H01021,https://nsearchives.nseindia.com/content/fo/fo_mktlots.csv
SWIGGY,INE00H001014,https://nsearchives.nseindia.com/content/fo/fo_mktlots.csv
TATACONSUM,INE192A01025,https://nsearchives.nseindia.com/content/fo/fo_mktlots.csv
TATAELXSI,INE670A01012,https://nsearchives.nseindia.com/content/fo/fo_mktlots.csv
TATAPOWER,INE245A01021,https://nsearchives.nseindia.com/content/fo/fo_mktlots.csv
TATASTEEL,INE081A01020,https://nsearchives.nseindia.com/content/fo/fo_mktlots.csv
TCS,INE467B01029,https://nsearchives.nseindia.com/content/fo/fo_mktlots.csv
TECHM,INE669C01036,https://nsearchives.nseindia.com/content/fo/fo_mktlots.csv
TIINDIA,INE974X01010,https://nsearchives.nseindia.com/content/fo/fo_mktlots.csv
TITAN,INE280A01028,https://nsearchives.nseindia.com/content/fo/fo_mktlots.csv
TMPV,INE155A01022,https://nsearchives.nseindia.com/content/fo/fo_mktlots.csv
TORNTPHARM,INE685A01028,https://nsearchives.nseindia.com/content/fo/fo_mktlots.csv
TRENT,INE849A01020,https://nsearchives.nseindia.com/content/fo/fo_mktlots.csv
TVSMOTOR,INE494B01023,https://nsearchives.nseindia.com/content/fo/fo_mktlots.csv
ULTRACEMCO,INE481G01011,https://nsearchives.nseindia.com/content/fo/fo_mktlots.csv
UNIONBANK,INE692A01016,https://nsearchives.nseindia.com/content/fo/fo_mktlots.csv
UNITDSPR,INE854D01024,https://nsearchives.nseindia.com/content/fo/fo_mktlots.csv
UNOMINDA,INE405E01023,https://nsearchives.nseindia.com/content/fo/fo_mktlots.csv
UPL,INE628A01036,https://nsearchives.nseindia.com/content/fo/fo_mktlots.csv
VBL,INE200M01039,https://nsearchives.nseindia.com/content/fo/fo_mktlots.csv
VEDL,INE205A01025,https://nsearchives.nseindia.com/content/fo/fo_mktlots.csv
VMM,INE01EA01019,https://nsearchives.nseindia.com/content/fo/fo_mktlots.csv
VOLTAS,INE226A01021,https://nsearchives.nseindia.com/content/fo/fo_mktlots.csv
WAAREEENER,INE377N01017,https://nsearchives.nseindia.com/content/fo/fo_mktlots.csv
WIPRO,INE075A01022,https://nsearchives.nseindia.com/content/fo/fo_mktlots.csv
YESBANK,INE528G01035,https://nsearchives.nseindia.com/content/fo/fo_mktlots.csv
ZYDUSLIFE,INE010B01027,https://nsearchives.nseindia.com/content/fo/fo_mktlots.csv
