nse_ticker,screener_symbol,company_name,sector,status,notes
RELIANCE.NS,RELIANCE,Reliance Industries,Energy,OK,
TCS.NS,TCS,Tata Consultancy Services,Information Technology,OK,
ICICIBANK.NS,ICICIBANK,ICICI Bank,Financial Services,OK,
M&M.NS,M&M,Mahindra & Mahindra,Automobile,OK,
SUNPHARMA.NS,SUNPHARMA,Sun Pharmaceutical Industries,Healthcare,OK,
ITC.NS,ITC,ITC,Consumer Goods,OK,
BEL.NS,BEL,Bharat Electronics,Capital Goods,OK,
TATASTEEL.NS,TATASTEEL,Tata Steel,Metals,OK,
BHARTIARTL.NS,BHARTIARTL,Bharti Airtel,Telecom,OK,
LT.NS,LT,Larsen & Toubro,Capital Goods,OK,
HDFCBANK.NS,HDFCBANK,HDFC Bank,Financial Services,OK,
INFY.NS,INFY,Infosys,Information Technology,OK,
SBIN.NS,SBIN,State Bank of India,Financial Services,OK,
HINDUNILVR.NS,HINDUNILVR,Hindustan Unilever,Consumer Goods,OK,
KOTAKBANK.NS,KOTAKBANK,Kotak Mahindra Bank,Financial Services,OK,
AXISBANK.NS,AXISBANK,Axis Bank,Financial Services,OK,
BAJFINANCE.NS,BAJFINANCE,Bajaj Finance,Financial Services,OK,
ASIANPAINT.NS,ASIANPAINT,Asian Paints,Consumer Durables,OK,
MARUTI.NS,MARUTI,Maruti Suzuki India,Automobile,OK,
TITAN.NS,TITAN,Titan Company,Consumer Durables,OK,
ULTRACEMCO.NS,ULTRACEMCO,UltraTech Cement,Cement,OK,
WIPRO.NS,WIPRO,Wipro,Information Technology,OK,
ONGC.NS,ONGC,Oil and Natural Gas Corporation,Energy,OK,
NTPC.NS,NTPC,NTPC,Power,OK,
POWERGRID.NS,POWERGRID,Power Grid Corporation of India,Power,OK,
HCLTECH.NS,HCLTECH,HCL Technologies,Information Technology,OK,
TECHM.NS,TECHM,Tech Mahindra,Information Technology,OK,
NESTLEIND.NS,NESTLEIND,Nestle India,Consumer Goods,OK,
JSWSTEEL.NS,JSWSTEEL,JSW Steel,Metals,OK,
HINDALCO.NS,HINDALCO,Hindalco Industries,Metals,OK,
COALINDIA.NS,COALINDIA,Coal India,Energy,OK,
ADANIENT.NS,ADANIENT,Adani Enterprises,Diversified,OK,
ADANIPORTS.NS,ADANIPORTS,Adani Ports and SEZ,Infrastructure,OK,
GRASIM.NS,GRASIM,Grasim Industries,Diversified,OK,
CIPLA.NS,CIPLA,Cipla,Healthcare,OK,
DRREDDY.NS,DRREDDY,Dr. Reddy's Laboratories,Healthcare,OK,
DIVISLAB.NS,DIVISLAB,Divi's Laboratories,Healthcare,OK,
APOLLOHOSP.NS,APOLLOHOSP,Apollo Hospitals Enterprise,Healthcare,OK,
BAJAJFINSV.NS,BAJAJFINSV,Bajaj Finserv,Financial Services,OK,
HDFCLIFE.NS,HDFCLIFE,HDFC Life Insurance,Financial Services,OK,
SBILIFE.NS,SBILIFE,SBI Life Insurance,Financial Services,OK,
HEROMOTOCO.NS,HEROMOTOCO,Hero MotoCorp,Automobile,OK,
EICHERMOT.NS,EICHERMOT,Eicher Motors,Automobile,OK,
BRITANNIA.NS,BRITANNIA,Britannia Industries,Consumer Goods,OK,
TATACONSUM.NS,TATACONSUM,Tata Consumer Products,Consumer Goods,OK,
UPL.NS,UPL,UPL,Chemicals,OK,
BPCL.NS,BPCL,Bharat Petroleum Corporation,Energy,OK,
IOC.NS,IOC,Indian Oil Corporation,Energy,OK,
INDUSINDBK.NS,INDUSINDBK,IndusInd Bank,Financial Services,OK,
BAJAJ-AUTO.NS,BAJAJ-AUTO,Bajaj Auto,Automobile,OK,
ABB.NS,ABB,ABB India,Capital Goods,OK,
ADANIENSOL.NS,ADANIENSOL,Adani Energy Solutions,Power,OK,
ADANIGREEN.NS,ADANIGREEN,Adani Green Energy,Power,OK,
ADANIPOWER.NS,ADANIPOWER,Adani Power,Power,OK,
AMBUJACEM.NS,AMBUJACEM,Ambuja Cements,Cement,OK,
BAJAJHLDNG.NS,BAJAJHLDNG,Bajaj Holdings and Investment,Financial Services,OK,
BANKBARODA.NS,BANKBARODA,Bank of Baroda,Financial Services,OK,
BHEL.NS,BHEL,Bharat Heavy Electricals,Capital Goods,OK,
BOSCHLTD.NS,BOSCHLTD,Bosch,Automobile,OK,
CANBK.NS,CANBK,Canara Bank,Financial Services,OK,
ABCAPITAL.NS,ABCAPITAL,Aditya Birla Capital,Financial Services,OK,
CGPOWER.NS,CGPOWER,CG Power and Industrial Solutions,Capital Goods,OK,
CHOLAFIN.NS,CHOLAFIN,Cholamandalam Investment and Finance,Financial Services,OK,
DABUR.NS,DABUR,Dabur India,Consumer Goods,OK,
DLF.NS,DLF,DLF,Real Estate,OK,
DMART.NS,DMART,Avenue Supermarts,Consumer Services,OK,
GAIL.NS,GAIL,GAIL India,Energy,OK,
GODREJCP.NS,GODREJCP,Godrej Consumer Products,Consumer Goods,OK,
HAL.NS,HAL,Hindustan Aeronautics,Capital Goods,OK,
HAVELLS.NS,HAVELLS,Havells India,Consumer Durables,OK,
INDHOTEL.NS,INDHOTEL,Indian Hotels Company,Consumer Services,OK,
ICICIGI.NS,ICICIGI,ICICI Lombard General Insurance,Financial Services,OK,
ICICIPRULI.NS,ICICIPRULI,ICICI Prudential Life Insurance,Financial Services,OK,
INDIGO.NS,INDIGO,InterGlobe Aviation,Services,OK,
IRFC.NS,IRFC,Indian Railway Finance Corporation,Financial Services,OK,
JINDALSTEL.NS,JINDALSTEL,Jindal Steel and Power,Metals,OK,
JSWENERGY.NS,JSWENERGY,JSW Energy,Power,OK,
LICI.NS,LICI,Life Insurance Corporation of India,Financial Services,OK,
LODHA.NS,LODHA,Macrotech Developers,Real Estate,OK,
OFSS.NS,OFSS,Oracle Financial Services Software,Information Technology,OK,
MANKIND.NS,MANKIND,Mankind Pharma,Healthcare,OK,
MAXHEALTH.NS,MAXHEALTH,Max Healthcare Institute,Healthcare,OK,
MOTHERSON.NS,MOTHERSON,Samvardhana Motherson International,Automobile,OK,
NAUKRI.NS,NAUKRI,Info Edge India,Consumer Services,OK,
NHPC.NS,NHPC,NHPC,Power,OK,
PFC.NS,PFC,Power Finance Corporation,Financial Services,OK,
PIDILITIND.NS,PIDILITIND,Pidilite Industries,Chemicals,OK,
PNB.NS,PNB,Punjab National Bank,Financial Services,OK,
RECLTD.NS,RECLTD,REC,Financial Services,OK,
SHREECEM.NS,SHREECEM,Shree Cement,Cement,OK,
SIEMENS.NS,SIEMENS,Siemens,Capital Goods,OK,
TATAPOWER.NS,TATAPOWER,Tata Power,Power,OK,
TORNTPHARM.NS,TORNTPHARM,Torrent Pharmaceuticals,Healthcare,OK,
TRENT.NS,TRENT,Trent,Consumer Services,OK,
TVSMOTOR.NS,TVSMOTOR,TVS Motor Company,Automobile,OK,
UNIONBANK.NS,UNIONBANK,Union Bank of India,Financial Services,OK,
VBL.NS,VBL,Varun Beverages,Consumer Goods,OK,
VEDL.NS,VEDL,Vedanta,Metals,OK,
ETERNAL.NS,ETERNAL,Eternal,Consumer Services,OK,
ZYDUSLIFE.NS,ZYDUSLIFE,Zydus Lifesciences,Healthcare,OK,
ACC.NS,ACC,ACC,Cement,OK,
APLAPOLLO.NS,APLAPOLLO,APL Apollo Tubes,Metals,OK,
AUBANK.NS,AUBANK,AU Small Finance Bank,Financial Services,OK,
ALKEM.NS,ALKEM,Alkem Laboratories,Healthcare,OK,
ASHOKLEY.NS,ASHOKLEY,Ashok Leyland,Automobile,OK,
ASTRAL.NS,ASTRAL,Astral,Industrials,OK,
AUROPHARMA.NS,AUROPHARMA,Aurobindo Pharma,Healthcare,OK,
BALKRISIND.NS,BALKRISIND,Balkrishna Industries,Automobile,OK,
BANDHANBNK.NS,BANDHANBNK,Bandhan Bank,Financial Services,OK,
BANKINDIA.NS,BANKINDIA,Bank of India,Financial Services,OK,
BDL.NS,BDL,Bharat Dynamics,Capital Goods,OK,
BHARATFORG.NS,BHARATFORG,Bharat Forge,Automobile,OK,
BIOCON.NS,BIOCON,Biocon,Healthcare,OK,
COFORGE.NS,COFORGE,Coforge,Information Technology,OK,
COLPAL.NS,COLPAL,Colgate Palmolive India,Consumer Goods,OK,
CONCOR.NS,CONCOR,Container Corporation of India,Services,OK,
CUMMINSIND.NS,CUMMINSIND,Cummins India,Capital Goods,OK,
DALBHARAT.NS,DALBHARAT,Dalmia Bharat,Cement,OK,
DEEPAKNTR.NS,DEEPAKNTR,Deepak Nitrite,Chemicals,OK,
DELHIVERY.NS,DELHIVERY,Delhivery,Services,OK,
DIXON.NS,DIXON,Dixon Technologies,Consumer Durables,OK,
ESCORTS.NS,ESCORTS,Escorts Kubota,Automobile,OK,
FEDERALBNK.NS,FEDERALBNK,Federal Bank,Financial Services,OK,
FORTIS.NS,FORTIS,Fortis Healthcare,Healthcare,OK,
GLAND.NS,GLAND,Gland Pharma,Healthcare,OK,
GMRAIRPORT.NS,GMRAIRPORT,GMR Airports,Infrastructure,OK,
GODREJPROP.NS,GODREJPROP,Godrej Properties,Real Estate,OK,
PETRONET.NS,PETRONET,Petronet LNG,Energy,OK,
HDFCAMC.NS,HDFCAMC,HDFC Asset Management Company,Financial Services,OK,
HINDPETRO.NS,HINDPETRO,Hindustan Petroleum Corporation,Energy,OK,
HONAUT.NS,HONAUT,Honeywell Automation India,Capital Goods,OK,
IDFCFIRSTB.NS,IDFCFIRSTB,IDFC First Bank,Financial Services,OK,
IGL.NS,IGL,Indraprastha Gas,Energy,OK,
INDUSTOWER.NS,INDUSTOWER,Indus Towers,Telecom,OK,
IPCALAB.NS,IPCALAB,IPCA Laboratories,Healthcare,OK,
JSL.NS,JSL,Jindal Stainless,Metals,OK,
JUBLFOOD.NS,JUBLFOOD,Jubilant FoodWorks,Consumer Services,OK,
LALPATHLAB.NS,LALPATHLAB,Dr. Lal PathLabs,Healthcare,OK,
LAURUSLABS.NS,LAURUSLABS,Laurus Labs,Healthcare,OK,
LICHSGFIN.NS,LICHSGFIN,LIC Housing Finance,Financial Services,OK,
LTTS.NS,LTTS,L&T Technology Services,Information Technology,OK,
LUPIN.NS,LUPIN,Lupin,Healthcare,OK,
M&MFIN.NS,M&MFIN,Mahindra & Mahindra Financial Services,Financial Services,OK,
MANAPPURAM.NS,MANAPPURAM,Manappuram Finance,Financial Services,OK,
MARICO.NS,MARICO,Marico,Consumer Goods,OK,
MFSL.NS,MFSL,Max Financial Services,Financial Services,OK,
MPHASIS.NS,MPHASIS,Mphasis,Information Technology,OK,
MRF.NS,MRF,MRF,Automobile,OK,
NMDC.NS,NMDC,NMDC,Metals,OK,
OBEROIRLTY.NS,OBEROIRLTY,Oberoi Realty,Real Estate,OK,
