rank,ticker,company,sector,signal_date,latest_price,recommendation,confidence,p_outperform,p_neutral,p_underperform,p_outperform_percentile,buy_raw_probability,buy_sigmoid_probability,buy_probability_percentile,ranker_percentile,p_sell,sell_percentile,market_regime,model_agreement,action_score
1,PATANJALI.NS,PATANJALI,Unknown,2026-08-11,353.0,BUY,HIGH,0.34558326,0.45971677,0.19469999,1.0,0.36404908,0.37606642,0.99581589958159,0.7615062761506276,0.25793178801439526,0.9288702928870293,Sideways,2/2 BUY components,0.9748953974895398
2,BHEL.NS,BHEL,Unknown,2026-08-25,417.0,ACCUMULATE,MEDIUM,0.30488813,0.49518687,0.19992499,1.0,0.28672373,0.29247695,0.9463087248322147,1.0,0.1796075088147768,0.8322147651006712,Sideways,2/2 ACCUMULATE-positive components,0.9838926174496644
3,VEDL.NS,VEDL,Unknown,2026-08-25,275.0,ACCUMULATE,MEDIUM,0.29992896,0.5034808,0.19659021,0.9865771812080537,0.3170597,0.32400218,1.0,0.7919463087248322,0.17038198411171113,0.697986577181208,Sideways,2/2 ACCUMULATE-positive components,0.9711409395973155
4,JINDALSAW.NS,JINDALSAW,Unknown,2026-08-11,273.54998779296875,ACCUMULATE,MEDIUM,0.33580533,0.44931594,0.21487877,0.9665271966527197,0.34396687,0.35337958,0.9790794979079498,0.9581589958158996,0.2562575528640267,0.9205020920502092,Sideways,2/2 ACCUMULATE-positive components,0.9694560669456067
5,M&MFIN.NS,M&MFIN,Unknown,2026-08-25,381.4500122070313,ACCUMULATE,MEDIUM,0.2928187,0.47859454,0.22858678,0.959731543624161,0.30455115,0.31078708,0.9932885906040269,0.9328859060402684,0.23815680360648506,0.9798657718120806,Sideways,2/2 ACCUMULATE-positive components,0.9671140939597315
6,MAHABANK.NS,MAHABANK,Unknown,2026-08-11,78.94999694824219,ACCUMULATE,MEDIUM,0.3319379,0.48273617,0.18532592,0.9497907949790795,0.36970904,0.382565,1.0,0.9372384937238494,0.24654121482058908,0.895397489539749,Sideways,2/2 ACCUMULATE-positive components,0.9635983263598326
7,HINDCOPPER.NS,HINDCOPPER,Unknown,2026-08-11,533.2999877929688,ACCUMULATE,MEDIUM,0.33962628,0.45716313,0.20321053,0.9916317991631799,0.32790235,0.33568987,0.9246861924686193,0.899581589958159,0.2143373913293269,0.6736401673640168,Sideways,2/2 ACCUMULATE-positive components,0.9623430962343097
8,ABCAPITAL.NS,ABCAPITAL,Unknown,2026-08-25,410.8500061035156,ACCUMULATE,MEDIUM,0.29256153,0.50975704,0.19768144,0.9530201342281879,0.29649857,0.3024383,0.9664429530201343,0.9731543624161074,0.18386784265697484,0.889261744966443,Sideways,2/2 ACCUMULATE-positive components,0.9590604026845637
9,ASHOKLEY.NS,ASHOKLEY,Unknown,2026-08-25,174.69000244140625,ACCUMULATE,MEDIUM,0.29142633,0.4958928,0.21268086,0.9463087248322147,0.29997468,0.3060267,0.9865771812080537,0.9261744966442953,0.22477470826954166,0.9731543624161074,Sideways,2/2 ACCUMULATE-positive components,0.9563758389261745
10,MOTHERSON.NS,MOTHERSON,Unknown,2026-08-25,166.4499969482422,ACCUMULATE,MEDIUM,0.29550385,0.51311344,0.19138274,0.9798657718120806,0.2780585,0.28380936,0.9194630872483222,0.9194630872483222,0.18814355943667288,0.9194630872483222,Sideways,2/2 ACCUMULATE-positive components,0.9557046979865771
11,MANAPPURAM.NS,MANAPPURAM,Unknown,2026-08-25,367.4500122070313,ACCUMULATE,MEDIUM,0.29494008,0.50717413,0.1978858,0.9664429530201343,0.27498123,0.28076884,0.8993288590604027,0.9932885906040269,0.1807906762244448,0.8456375838926175,Sideways,2/2 ACCUMULATE-positive components,0.9489932885906041
12,SUZLON.NS,SUZLON,Unknown,2026-08-11,47.5,ACCUMULATE,MEDIUM,0.33902606,0.46029845,0.20067546,0.9874476987447699,0.33056134,0.33858782,0.9581589958158996,0.6903765690376569,0.23639193421336227,0.8702928870292888,Sideways,2/2 ACCUMULATE-positive components,0.9489539748953976
13,NATCOPHARM.NS,NATCOPHARM,Unknown,2026-08-11,907.0,ACCUMULATE,MEDIUM,0.33272952,0.47018367,0.1970868,0.9539748953974896,0.3488957,0.3588913,0.9874476987447699,0.803347280334728,0.26344520214578715,0.9414225941422594,Sideways,2/2 ACCUMULATE-positive components,0.9489539748953975
14,CARBORUNIV.NS,CARBORUNIV,Unknown,2026-08-11,1173.800048828125,ACCUMULATE,MEDIUM,0.32988057,0.4807752,0.18934424,0.9372384937238494,0.3289264,0.3368045,0.9414225941422594,0.9874476987447699,0.22396459744850647,0.7824267782426778,Sideways,2/2 ACCUMULATE-positive components,0.9435146443514644
15,NATIONALUM.NS,NATIONALUM,Unknown,2026-08-11,388.0,ACCUMULATE,MEDIUM,0.32937,0.4670791,0.20355093,0.9330543933054394,0.32855427,0.33639923,0.9372384937238494,1.0,0.21090848677377372,0.5690376569037657,Sideways,2/2 ACCUMULATE-positive components,0.9410041841004183
16,LAURUSLABS.NS,LAURUSLABS,Unknown,2026-08-25,1866.199951171875,ACCUMULATE,MEDIUM,0.29540458,0.50274444,0.20185097,0.9731543624161074,0.27465862,0.28045124,0.8926174496644296,0.8657718120805369,0.16130975904645828,0.5906040268456376,Sideways,2/2 ACCUMULATE-positive components,0.9382550335570471
17,GLAND.NS,GLAND,Unknown,2026-08-25,2824.60009765625,ACCUMULATE,MEDIUM,0.2893624,0.49685544,0.21378219,0.9328859060402684,0.28301436,0.28874758,0.9395973154362416,0.9395973154362416,0.17919060750133642,0.8187919463087249,Sideways,2/2 ACCUMULATE-positive components,0.9355704697986577
18,DIVISLAB.NS,Divi's Laboratories,Healthcare,2026-08-25,8744.5,ACCUMULATE,MEDIUM,0.30039704,0.5143927,0.18521032,0.9932885906040269,0.25960022,0.2658732,0.8053691275167785,0.8791946308724832,0.13085401928826096,0.22818791946308725,Sideways,2/2 ACCUMULATE-positive components,0.9255033557046979
19,COFORGE.NS,COFORGE,Unknown,2026-08-25,1892.800048828125,ACCUMULATE,MEDIUM,0.29012245,0.47864485,0.2312327,0.9395973154362416,0.29139632,0.2972147,0.959731543624161,0.6845637583892618,0.23889496656159612,0.9865771812080537,Sideways,2/2 ACCUMULATE-positive components,0.9201342281879193
20,KALYANKJIL.NS,KALYANKJIL,Unknown,2026-08-11,602.2000122070312,ACCUMULATE,MEDIUM,0.34161136,0.4182908,0.2400978,0.99581589958159,0.31512097,0.32193476,0.8368200836820083,0.7071129707112971,0.2787191280136304,0.9769874476987448,Sideways,2/2 ACCUMULATE-positive components,0.9192468619246862
21,REDINGTON.NS,REDINGTON,Unknown,2026-08-11,354.54998779296875,ACCUMULATE,MEDIUM,0.3275087,0.44109797,0.2313933,0.9079497907949791,0.325067,0.33261332,0.9037656903765691,0.9079497907949791,0.28230448258488267,0.9832635983263598,Sideways,2/2 ACCUMULATE-positive components,0.9066945606694561
22,LODHA.NS,LODHA,Unknown,2026-08-25,1281.0999755859375,ACCUMULATE,MEDIUM,0.28751078,0.49488533,0.21760389,0.912751677852349,0.29805288,0.30403987,0.9798657718120806,0.610738255033557,0.22136903841790476,0.9664429530201343,Sideways,2/2 ACCUMULATE-positive components,0.9026845637583892
23,ADANIENSOL.NS,ADANIENSOL,Unknown,2026-08-25,1594.5,ACCUMULATE,MEDIUM,0.2848197,0.5191777,0.1960026,0.8926174496644296,0.2882352,0.29400465,0.9530201342281879,0.8120805369127517,0.17960459107579804,0.825503355704698,Sideways,2/2 ACCUMULATE-positive components,0.9026845637583892
24,UNIONBANK.NS,UNIONBANK,Unknown,2026-08-25,186.97999572753903,ACCUMULATE,MEDIUM,0.28789082,0.5235685,0.1885407,0.9194630872483222,0.2690686,0.27498293,0.8523489932885906,0.912751677852349,0.18435476973668982,0.9060402684563759,Sideways,2/2 ACCUMULATE-positive components,0.8986577181208054
25,EXIDEIND.NS,EXIDEIND,Unknown,2026-08-11,483.3500061035156,ACCUMULATE,MEDIUM,0.32535028,0.4732868,0.20136292,0.899581589958159,0.31834114,0.32537246,0.8702928870292888,0.9748953974895398,0.24567004581607468,0.891213389121339,Sideways,2/2 ACCUMULATE-positive components,0.898326359832636
26,BANDHANBNK.NS,BANDHANBNK,Unknown,2026-08-25,173.5,ACCUMULATE,MEDIUM,0.2828923,0.50126565,0.21584213,0.8791946308724832,0.29695407,0.30290717,0.9731543624161074,0.7651006711409396,0.24092720401619674,0.9932885906040269,Sideways,2/2 ACCUMULATE-positive components,0.8959731543624161
27,ADANIGREEN.NS,ADANIGREEN,Unknown,2026-08-25,1330.0,ACCUMULATE,MEDIUM,0.28352058,0.5158243,0.2006551,0.8859060402684564,0.27587023,0.28164518,0.9060402684563759,0.9060402684563759,0.17807484060670786,0.8120805369127517,Sideways,2/2 ACCUMULATE-positive components,0.8939597315436242
28,POWERINDIA.NS,POWERINDIA,Unknown,2026-08-11,35000.0,ACCUMULATE,MEDIUM,0.33148476,0.44125128,0.22726396,0.9456066945606695,0.30621403,0.31252682,0.7949790794979079,0.8744769874476988,0.2321459297636558,0.8493723849372385,Sideways,2/2 ACCUMULATE-positive components,0.893305439330544
29,OLECTRA.NS,OLECTRA,Unknown,2026-08-11,1391.5999755859375,ACCUMULATE,MEDIUM,0.3274512,0.4770638,0.19548503,0.9037656903765691,0.3313691,0.33947057,0.9623430962343096,0.5564853556485355,0.23781524116981329,0.8786610878661087,Sideways,2/2 ACCUMULATE-positive components,0.8866108786610878
30,ZEEL.NS,ZEEL,Unknown,2026-08-11,91.55999755859376,ACCUMULATE,MEDIUM,0.33792377,0.41703835,0.24503787,0.9832635983263598,0.31555456,0.32239655,0.8410041841004184,0.41841004184100417,0.29435505166746645,0.9916317991631799,Sideways,2/2 ACCUMULATE-positive components,0.8841004184100418
31,SONATSOFTW.NS,SONATSOFTW,Unknown,2026-08-11,333.8999938964844,ACCUMULATE,MEDIUM,0.32876545,0.43208373,0.2391509,0.9246861924686193,0.32826465,0.33608398,0.9330543933054394,0.4811715481171548,0.2737632182658016,0.9581589958158996,Sideways,2/2 ACCUMULATE-positive components,0.8828451882845189
32,THERMAX.NS,THERMAX,Unknown,2026-08-11,4025.699951171875,ACCUMULATE,MEDIUM,0.33660334,0.43780687,0.22558984,0.9707112970711297,0.31127715,0.31785643,0.8158995815899581,0.5397489539748954,0.21699971491605952,0.7196652719665272,Sideways,2/2 ACCUMULATE-positive components,0.8811715481171547
33,SAIL.NS,SAIL,Unknown,2026-08-11,173.0,ACCUMULATE,MEDIUM,0.3159114,0.5016065,0.18248202,0.8242677824267782,0.3302115,0.3382058,0.9497907949790795,0.99581589958159,0.22177383951625604,0.7698744769874477,Sideways,2/2 ACCUMULATE-positive components,0.8790794979079498
34,ATGL.NS,ATGL,Unknown,2026-08-11,666.1500244140625,ACCUMULATE,MEDIUM,0.32013687,0.45616242,0.22370073,0.8744769874476988,0.32807326,0.33587575,0.9288702928870293,0.7531380753138075,0.23386040634282385,0.8619246861924686,Sideways,2/2 ACCUMULATE-positive components,0.8786610878661087
35,NAUKRI.NS,NAUKRI,Unknown,2026-08-25,1350.0,ACCUMULATE,MEDIUM,0.288888,0.4983174,0.21279462,0.9261744966442953,0.2804652,0.28620112,0.9261744966442953,0.4429530201342282,0.1871401394218711,0.912751677852349,Sideways,2/2 ACCUMULATE-positive components,0.8778523489932886
36,APARINDS.NS,APARINDS,Unknown,2026-08-11,16748.0,ACCUMULATE,MEDIUM,0.329173,0.44053966,0.23028742,0.9288702928870293,0.30510098,0.31136173,0.7845188284518828,0.8284518828451883,0.2774117124553374,0.9665271966527197,Sideways,2/2 ACCUMULATE-positive components,0.8755230125523011
37,CHOLAFIN.NS,CHOLAFIN,Unknown,2026-08-25,1873.0,ACCUMULATE,MEDIUM,0.27658176,0.5178887,0.20552951,0.8523489932885906,0.27747315,0.28322947,0.912751677852349,0.8859060402684564,0.18247782632348586,0.8758389261744967,Sideways,2/2 ACCUMULATE-positive components,0.8738255033557047
38,CGPOWER.NS,CGPOWER,Unknown,2026-08-25,878.5,ACCUMULATE,MEDIUM,0.27809903,0.5211382,0.20076275,0.8657718120805369,0.26494554,0.2709923,0.8389261744966443,0.9865771812080537,0.20211746179489495,0.9395973154362416,Sideways,2/2 ACCUMULATE-positive components,0.8697986577181208
39,CENTRALBK.NS,CENTRALBK,Unknown,2026-08-11,31.190000534057617,ACCUMULATE,MEDIUM,0.31680316,0.49521014,0.18798672,0.8368200836820083,0.32939675,0.33731705,0.9456066945606695,0.6359832635983264,0.2079342282727468,0.5230125523012552,Sideways,2/2 ACCUMULATE-positive components,0.8493723849372384
40,PAYTM.NS,PAYTM,Unknown,2026-08-11,1593.699951171875,ACCUMULATE,MEDIUM,0.3187049,0.4585279,0.22276717,0.8619246861924686,0.30839932,0.31482112,0.8117154811715481,0.8828451882845189,0.2787191280136304,0.9769874476987448,Sideways,2/2 ACCUMULATE-positive components,0.8489539748953975
41,GODREJIND.NS,GODREJIND,Unknown,2026-08-11,1289.800048828125,ACCUMULATE,MEDIUM,0.32021224,0.45145777,0.22832996,0.8786610878661087,0.3134576,0.32016653,0.8326359832635983,0.702928870292887,0.2586603591040158,0.9330543933054394,Sideways,2/2 ACCUMULATE-positive components,0.8472803347280334
42,AARTIIND.NS,AARTIIND,Unknown,2026-08-11,505.2999877929687,ACCUMULATE,MEDIUM,0.31654513,0.4658456,0.21760924,0.8326359832635983,0.32315907,0.33055106,0.891213389121339,0.7698744769874477,0.2590968585483536,0.9372384937238494,Sideways,2/2 ACCUMULATE-positive components,0.8439330543933055
43,ABFRL.NS,ABFRL,Unknown,2026-08-11,58.630001068115234,ACCUMULATE,MEDIUM,0.3239367,0.4634482,0.2126151,0.895397489539749,0.31825325,0.32527837,0.8661087866108786,0.4100418410041841,0.25193902972870097,0.9079497907949791,Sideways,2/2 ACCUMULATE-positive components,0.8380753138075313
44,GRANULES.NS,GRANULES,Unknown,2026-08-11,861.0,ACCUMULATE,MEDIUM,0.31424555,0.4891049,0.1966495,0.8075313807531381,0.31595838,0.3228269,0.8493723849372385,0.9790794979079498,0.20499611304949972,0.4686192468619247,Sideways,2/2 ACCUMULATE-positive components,0.8372384937238494
45,BAJFINANCE.NS,Bajaj Finance,Financial Services,2026-08-25,1087.4000244140625,ACCUMULATE,MEDIUM,0.26915705,0.52788055,0.20296235,0.825503355704698,0.26127452,0.26746997,0.8187919463087249,0.9530201342281879,0.18033543413316944,0.8389261744966443,Sideways,2/2 ACCUMULATE-positive components,0.8362416107382551
46,TATATECH.NS,TATATECH,Unknown,2026-08-11,865.2000122070312,ACCUMULATE,MEDIUM,0.31767517,0.4533888,0.228936,0.8493723849372385,0.3049014,0.31115302,0.7782426778242678,0.8619246861924686,0.2737241993759401,0.9539748953974896,Sideways,2/2 ACCUMULATE-positive components,0.8292887029288704
47,ADANIPOWER.NS,ADANIPOWER,Unknown,2026-08-25,206.3300018310547,ACCUMULATE,MEDIUM,0.27618968,0.54111785,0.18269251,0.8456375838926175,0.2504607,0.25726464,0.7449664429530202,0.9664429530201343,0.14364972493091288,0.3422818791946309,Sideways,2/2 ACCUMULATE-positive components,0.8275167785234899
48,KPITTECH.NS,KPITTECH,Unknown,2026-08-11,627.0,ACCUMULATE,MEDIUM,0.3276452,0.4303841,0.24197067,0.9121338912133892,0.29809436,0.3040827,0.7238493723849372,0.6234309623430963,0.2787181740815583,0.9707112970711297,Sideways,2/2 ACCUMULATE-positive components,0.8267782426778243
49,OFSS.NS,OFSS,Unknown,2026-08-25,11729.0,ACCUMULATE,MEDIUM,0.28589323,0.5155292,0.19857757,0.9060402684563759,0.24873333,0.2556582,0.7315436241610739,0.6241610738255033,0.16473244538091916,0.6308724832214765,Sideways,2/2 ACCUMULATE-positive components,0.825503355704698
50,GODREJPROP.NS,GODREJPROP,Unknown,2026-08-25,2049.0,ACCUMULATE,MEDIUM,0.2707304,0.5225697,0.2066999,0.8389261744966443,0.26967284,0.2755708,0.8590604026845637,0.5570469798657718,0.18386784265697484,0.889261744966443,Sideways,2/2 ACCUMULATE-positive components,0.8167785234899327
51,CANBK.NS,CANBK,Unknown,2026-08-25,128.80999755859375,ACCUMULATE,MEDIUM,0.26348284,0.5701993,0.16631785,0.7449664429530202,0.28177556,0.2875084,0.9328859060402684,0.8959731543624161,0.1475241184709286,0.4228187919463087,Sideways,1/2 ACCUMULATE-positive components,0.8164429530201341
52,BALKRISIND.NS,BALKRISIND,Unknown,2026-08-25,2366.300048828125,ACCUMULATE,MEDIUM,0.27675447,0.49647263,0.22677286,0.8590604026845637,0.27301612,0.27883762,0.8791946308724832,0.35570469798657717,0.24159026893454427,1.0,Sideways,2/2 ACCUMULATE-positive components,0.8147651006711408
53,BERGEPAINT.NS,BERGEPAINT,Unknown,2026-08-11,534.9500122070312,ACCUMULATE,MEDIUM,0.31516063,0.494531,0.19030829,0.8117154811715481,0.3195265,0.32664266,0.8744769874476988,0.5502092050209205,0.17819750442076124,0.1799163179916318,Sideways,2/2 ACCUMULATE-positive components,0.8043933054393305
54,RBLBANK.NS,RBLBANK,Unknown,2026-08-11,389.7000122070313,ACCUMULATE,MEDIUM,0.31097564,0.49833313,0.1906912,0.7907949790794979,0.3037713,0.309973,0.7698744769874477,0.9707112970711297,0.21789523198526664,0.7280334728033473,Sideways,1/2 ACCUMULATE-positive components,0.802510460251046
55,KEI.NS,KEI,Unknown,2026-08-11,5645.0,ACCUMULATE,MEDIUM,0.3196017,0.48651013,0.19388817,0.8702928870292888,0.28995,0.2957435,0.6485355648535565,0.8326359832635983,0.23000658563147214,0.8242677824267782,Sideways,2/2 ACCUMULATE-positive components,0.8
56,JUBLFOOD.NS,JUBLFOOD,Unknown,2026-08-25,515.0,ACCUMULATE,MEDIUM,0.28206488,0.5199245,0.1980106,0.87248322147651,0.26015368,0.26640034,0.8120805369127517,0.3221476510067114,0.17697950119045133,0.7919463087248322,Sideways,2/2 ACCUMULATE-positive components,0.7993288590604025
57,IRB.NS,IRB,Unknown,2026-08-11,19.559999465942383,ACCUMULATE,MEDIUM,0.307544,0.50777346,0.1846826,0.7573221757322176,0.32162058,0.32889286,0.8870292887029289,0.7866108786610879,0.1792618860225364,0.200836820083682,Sideways,1/2 ACCUMULATE-positive components,0.799163179916318
58,NLCINDIA.NS,NLCINDIA,Unknown,2026-08-11,286.04998779296875,ACCUMULATE,MEDIUM,0.30829987,0.5028269,0.18887323,0.7615062761506276,0.3169689,0.3239052,0.8577405857740585,0.8158995815899581,0.183182715586974,0.2301255230125523,Sideways,1/2 ACCUMULATE-positive components,0.7958158995815899
59,BANKINDIA.NS,BANKINDIA,Unknown,2026-08-25,143.99000549316406,ACCUMULATE,MEDIUM,0.26457456,0.5550662,0.18035926,0.7583892617449665,0.2640534,0.2701336,0.8322147651006712,0.8959731543624161,0.1719465523993694,0.738255033557047,Sideways,1/2 ACCUMULATE-positive components,0.7942953020134228
60,VBL.NS,VBL,Unknown,2026-08-25,438.0,ACCUMULATE,MEDIUM,0.27041566,0.54938185,0.18020247,0.8322147651006712,0.2573868,0.2637716,0.7986577181208053,0.4899328859060403,0.16953474749647726,0.6879194630872483,Sideways,2/2 ACCUMULATE-positive components,0.7879194630872483
61,BHARATFORG.NS,BHARATFORG,Unknown,2026-08-25,2052.5,ACCUMULATE,MEDIUM,0.26559967,0.5439347,0.1904656,0.7785234899328859,0.25046214,0.25726596,0.7516778523489933,0.8187919463087249,0.174335798617394,0.7651006711409396,Sideways,1/2 ACCUMULATE-positive components,0.774496644295302
62,HINDPETRO.NS,HINDPETRO,Unknown,2026-08-25,373.2000122070313,ACCUMULATE,MEDIUM,0.26538733,0.55475014,0.1798625,0.7718120805369127,0.2679336,0.27388075,0.8456375838926175,0.5771812080536913,0.17185407680600365,0.7248322147651006,Sideways,1/2 ACCUMULATE-positive components,0.774496644295302
63,SONACOMS.NS,SONACOMS,Unknown,2026-08-11,800.0,ACCUMULATE,MEDIUM,0.31279117,0.48840183,0.19880706,0.7949790794979079,0.2913798,0.29719788,0.6778242677824268,0.891213389121339,0.2380037805830595,0.8828451882845189,Sideways,1/2 ACCUMULATE-positive components,0.7694560669456066
64,IPCALAB.NS,IPCALAB,Unknown,2026-08-25,1928.5,ACCUMULATE,MEDIUM,0.26638427,0.5283305,0.20528522,0.785234899328859,0.24859707,0.2555318,0.7248322147651006,0.785234899328859,0.1534310812130313,0.5167785234899329,Sideways,1/2 ACCUMULATE-positive components,0.7671140939597315
65,POONAWALLA.NS,POONAWALLA,Unknown,2026-08-11,487.2000122070313,ACCUMULATE,MEDIUM,0.30330467,0.5012815,0.19541378,0.7364016736401674,0.30650675,0.3128336,0.799163179916318,0.7489539748953975,0.21201657639176014,0.602510460251046,Sideways,1/2 ACCUMULATE-positive components,0.7564853556485356
66,CROMPTON.NS,CROMPTON,Unknown,2026-08-11,245.3999938964844,ACCUMULATE,MEDIUM,0.30211726,0.5067429,0.19113982,0.7280334728033473,0.31569293,0.32254398,0.8451882845188284,0.6527196652719666,0.20513871317285856,0.48326359832635984,Sideways,1/2 ACCUMULATE-positive components,0.7556485355648536
67,DIXON.NS,DIXON,Unknown,2026-08-25,14990.0,ACCUMULATE,MEDIUM,0.28540218,0.508222,0.20637582,0.8993288590604027,0.24804066,0.2550159,0.7046979865771812,0.013422818791946308,0.18119899185552088,0.8590604026845637,Sideways,2/2 ACCUMULATE-positive components,0.7523489932885905
68,DLF.NS,DLF,Unknown,2026-08-25,682.9500122070312,ACCUMULATE,MEDIUM,0.26367915,0.5323835,0.20393734,0.7516778523489933,0.27456886,0.28036293,0.8859060402684564,0.28859060402684567,0.18247782632348586,0.8758389261744967,Sideways,1/2 ACCUMULATE-positive components,0.7456375838926175
69,OIL.NS,OIL,Unknown,2026-08-11,470.3500061035156,ACCUMULATE,MEDIUM,0.29887143,0.5084853,0.19264327,0.702928870292887,0.31267878,0.31934038,0.8242677824267782,0.7322175732217573,0.17799385532724002,0.17154811715481172,Sideways,1/2 ACCUMULATE-positive components,0.7422594142259414
70,TRENT.NS,TRENT,Unknown,2026-08-25,2930.0,ACCUMULATE,MEDIUM,0.2689259,0.5185828,0.21249124,0.8187919463087249,0.25621226,0.2626607,0.7919463087248322,0.12751677852348994,0.21098090521498683,0.959731543624161,Sideways,2/2 ACCUMULATE-positive components,0.7416107382550335
71,DELHIVERY.NS,DELHIVERY,Unknown,2026-08-25,447.9500122070313,ACCUMULATE,MEDIUM,0.26639932,0.5554394,0.17816123,0.7919463087248322,0.24887964,0.25579405,0.738255033557047,0.40268456375838924,0.17056837300863384,0.7114093959731543,Sideways,1/2 ACCUMULATE-positive components,0.7369127516778522
72,BRIGADE.NS,BRIGADE,Unknown,2026-08-11,605.0999755859375,ACCUMULATE,MEDIUM,0.30917582,0.472584,0.21824016,0.7698744769874477,0.29862824,0.30463395,0.7280334728033473,0.5313807531380753,0.24953129294489262,0.899581589958159,Sideways,1/2 ACCUMULATE-positive components,0.7334728033472804
73,PFC.NS,PFC,Unknown,2026-08-25,367.0,ACCUMULATE,MEDIUM,0.26692906,0.5557674,0.17730348,0.8053691275167785,0.24626946,0.25337833,0.6845637583892618,0.40939597315436244,0.1474995786988681,0.40939597315436244,Sideways,2/2 ACCUMULATE-positive components,0.7295302013422819
74,BATAINDIA.NS,BATAINDIA,Unknown,2026-08-11,699.8499755859375,ACCUMULATE,MEDIUM,0.31051895,0.46340734,0.22607368,0.7866108786610879,0.29182813,0.29765475,0.6903765690376569,0.502092050209205,0.25594729109725206,0.9163179916317992,Sideways,1/2 ACCUMULATE-positive components,0.7292887029288703
75,INFY.NS,Infosys,Information Technology,2026-08-25,1144.0,ACCUMULATE,MEDIUM,0.26528603,0.52467626,0.21003771,0.7651006711409396,0.2536012,0.26020202,0.7785234899328859,0.33557046979865773,0.19266089902916386,0.9261744966442953,Sideways,1/2 ACCUMULATE-positive components,0.7261744966442952
76,ASTRAL.NS,ASTRAL,Unknown,2026-08-25,1540.0,ACCUMULATE,MEDIUM,0.26332733,0.54176754,0.19490509,0.7315436241610739,0.24685219,0.25391632,0.6912751677852349,0.7718120805369127,0.15389679627544264,0.5234899328859061,Sideways,1/2 ACCUMULATE-positive components,0.7234899328859061
77,LTTS.NS,LTTS,Unknown,2026-08-25,3568.199951171875,ACCUMULATE,MEDIUM,0.26642427,0.5241349,0.20944089,0.7986577181208053,0.25601512,0.26247457,0.785234899328859,0.087248322147651,0.20524795655236733,0.9530201342281879,Sideways,1/2 ACCUMULATE-positive components,0.7234899328859059
78,MOTILALOFS.NS,MOTILALOFS,Unknown,2026-08-11,888.0,ACCUMULATE,MEDIUM,0.30041754,0.49784762,0.20173487,0.7154811715481172,0.3081121,0.3145191,0.8075313807531381,0.47280334728033474,0.23598827147313103,0.8661087866108786,Sideways,1/2 ACCUMULATE-positive components,0.7188284518828452
79,PRESTIGE.NS,PRESTIGE,Unknown,2026-08-11,1585.9000244140625,ACCUMULATE,MEDIUM,0.3039656,0.4899721,0.20606226,0.7447698744769874,0.3026012,0.3087538,0.7573221757322176,0.4351464435146444,0.2313359072788771,0.8410041841004184,Sideways,1/2 ACCUMULATE-positive components,0.7175732217573221
80,KPRMILL.NS,KPRMILL,Unknown,2026-08-11,1096.5,ACCUMULATE,MEDIUM,0.30105868,0.4696047,0.22933657,0.7238493723849372,0.29256862,0.29841027,0.698744769874477,0.6401673640167364,0.25083105994417576,0.9037656903765691,Sideways,1/2 ACCUMULATE-positive components,0.707949790794979
81,INDIANB.NS,INDIANB,Unknown,2026-08-11,875.5999755859375,ACCUMULATE,MEDIUM,0.29421312,0.51166123,0.19412565,0.6527196652719666,0.30000046,0.30605337,0.7364016736401674,0.9246861924686193,0.21243582247568557,0.6192468619246861,Sideways,1/2 ACCUMULATE-positive components,0.705020920502092
82,IRFC.NS,IRFC,Unknown,2026-08-25,85.44999694824219,ACCUMULATE,MEDIUM,0.2539062,0.5877217,0.15837206,0.6375838926174496,0.27106422,0.27692747,0.87248322147651,0.44966442953020136,0.14704632028167017,0.40268456375838924,Sideways,1/2 ACCUMULATE-positive components,0.6892617449664429
83,TCS.NS,Tata Consultancy Services,Information Technology,2026-08-25,2296.199951171875,ACCUMULATE,MEDIUM,0.2670155,0.52190584,0.21107867,0.8120805369127517,0.24307555,0.25044298,0.6375838926174496,0.10067114093959731,0.19814226464584533,0.9328859060402684,Sideways,2/2 ACCUMULATE-positive components,0.6885906040268457
84,IDFCFIRSTB.NS,IDFCFIRSTB,Unknown,2026-08-25,85.0,ACCUMULATE,MEDIUM,0.24364461,0.59867454,0.15768082,0.5436241610738255,0.27012622,0.27601242,0.8657718120805369,0.9463087248322147,0.16251236524019136,0.610738255033557,Sideways,1/2 ACCUMULATE-positive components,0.6805369127516778
85,MUTHOOTFIN.NS,MUTHOOTFIN,Unknown,2026-08-11,2915.89990234375,ACCUMULATE,MEDIUM,0.29488948,0.5072497,0.19786076,0.6694560669456067,0.29345402,0.29931507,0.7071129707112971,0.6569037656903766,0.20826176193635987,0.5313807531380753,Sideways,1/2 ACCUMULATE-positive components,0.6794979079497908
86,GODREJCP.NS,GODREJCP,Unknown,2026-08-25,929.2000122070312,ACCUMULATE,MEDIUM,0.26342863,0.53976715,0.19680423,0.738255033557047,0.24505433,0.25225893,0.6644295302013423,0.31208053691275167,0.160412914676354,0.5838926174496645,Sideways,1/2 ACCUMULATE-positive components,0.6734899328859061
87,AUBANK.NS,AUBANK,Unknown,2026-08-25,1128.5999755859375,ACCUMULATE,MEDIUM,0.257625,0.55192184,0.19045317,0.6577181208053692,0.2438736,0.2511743,0.6442953020134228,0.8389261744966443,0.1819937184753909,0.8657718120805369,Sideways,1/2 ACCUMULATE-positive components,0.6718120805369128
88,TATACOMM.NS,TATACOMM,Unknown,2026-08-11,1746.0999755859375,ACCUMULATE,MEDIUM,0.29653716,0.5129692,0.19049361,0.6820083682008368,0.2887606,0.2945368,0.6317991631799164,0.7196652719665272,0.22366543917785592,0.7740585774058577,Sideways,1/2 ACCUMULATE-positive components,0.6707112970711298
89,FACT.NS,FACT,Unknown,2026-08-11,828.4000244140625,ACCUMULATE,MEDIUM,0.29129857,0.51267725,0.19602412,0.6401673640167364,0.30086827,0.306953,0.7489539748953975,0.5732217573221757,0.20436761095269454,0.4560669456066946,Sideways,1/2 ACCUMULATE-positive components,0.6661087866108786
90,BANKBARODA.NS,BANKBARODA,Unknown,2026-08-25,241.0,ACCUMULATE,MEDIUM,0.26033694,0.56493586,0.17472725,0.697986577181208,0.2414529,0.24896042,0.6040268456375839,0.6442953020134228,0.16885252086368596,0.6711409395973155,Sideways,1/2 ACCUMULATE-positive components,0.6644295302013422
91,CREDITACC.NS,CREDITACC,Unknown,2026-08-11,1540.300048828125,ACCUMULATE,MEDIUM,0.28889188,0.5117759,0.19933218,0.6276150627615062,0.29296178,0.29881185,0.702928870292887,0.7573221757322176,0.20940765589287777,0.5585774058577406,Sideways,1/2 ACCUMULATE-positive components,0.6631799163179917
92,HCLTECH.NS,HCL Technologies,Information Technology,2026-08-25,1315.800048828125,ACCUMULATE,MEDIUM,0.2612081,0.5421473,0.19664465,0.7046979865771812,0.24534681,0.25252804,0.6711409395973155,0.38926174496644295,0.15509948139673246,0.5436241610738255,Sideways,1/2 ACCUMULATE-positive components,0.6630872483221476
93,PERSISTENT.NS,PERSISTENT,Unknown,2026-08-11,5536.0,ACCUMULATE,MEDIUM,0.30023968,0.4778505,0.22190987,0.7112970711297071,0.2846922,0.29043096,0.602510460251046,0.49372384937238495,0.25370974562669113,0.9121338912133892,Sideways,1/2 ACCUMULATE-positive components,0.6569037656903766
94,RECLTD.NS,RECLTD,Unknown,2026-08-25,326.0,ACCUMULATE,MEDIUM,0.26157844,0.56410813,0.17431343,0.7114093959731543,0.24261697,0.2500234,0.6241610738255033,0.3825503355704698,0.16953474749647726,0.6879194630872483,Sideways,1/2 ACCUMULATE-positive components,0.6523489932885905
95,ICICIPRULI.NS,ICICIPRULI,Unknown,2026-08-25,510.0,ACCUMULATE,MEDIUM,0.262793,0.55808264,0.17912437,0.7181208053691275,0.24184598,0.249319,0.6174496644295302,0.3422818791946309,0.17275458387309456,0.7516778523489933,Sideways,1/2 ACCUMULATE-positive components,0.6503355704697987
96,AMBUJACEM.NS,AMBUJACEM,Unknown,2026-08-25,413.1000061035156,ACCUMULATE,MEDIUM,0.25765327,0.5710477,0.17129897,0.6644295302013423,0.24841848,0.25536615,0.7181208053691275,0.3288590604026846,0.15062173032057935,0.4563758389261745,Sideways,1/2 ACCUMULATE-positive components,0.646979865771812
97,POLICYBZR.NS,POLICYBZR,Unknown,2026-08-11,1733.0,ACCUMULATE,MEDIUM,0.2929868,0.51044923,0.19656391,0.6485355648535565,0.29213235,0.297965,0.694560669456067,0.4895397489539749,0.191523378026469,0.2510460251046025,Sideways,1/2 ACCUMULATE-positive components,0.6464435146443515
98,LICI.NS,LICI,Unknown,2026-08-25,424.0,ACCUMULATE,MEDIUM,0.26001477,0.56877834,0.1712069,0.6912751677852349,0.24441163,0.25166816,0.6510067114093959,0.3624161073825503,0.17042759790103298,0.7046979865771812,Sideways,1/2 ACCUMULATE-positive components,0.6463087248322148
99,FLUOROCHEM.NS,FLUOROCHEM,Unknown,2026-08-11,4416.2001953125,ACCUMULATE,MEDIUM,0.29628965,0.5110563,0.19265404,0.6778242677824268,0.28687215,0.29262677,0.6234309623430963,0.4686192468619247,0.17677780110756905,0.16736401673640167,Sideways,1/2 ACCUMULATE-positive components,0.6405857740585773
100,INDUSINDBK.NS,IndusInd Bank,Financial Services,2026-08-25,1015.0,ACCUMULATE,MEDIUM,0.24350475,0.5725813,0.18391392,0.5369127516778524,0.2532427,0.25986564,0.7651006711409396,0.8590604026845637,0.17458993828749791,0.7718120805369127,Sideways,1/2 ACCUMULATE-positive components,0.6375838926174496
101,UPL.NS,UPL,Unknown,2026-08-25,585.0,ACCUMULATE,MEDIUM,0.25838396,0.55473775,0.18687828,0.6711409395973155,0.24559417,0.25275585,0.6778523489932886,0.28187919463087246,0.17191876938859213,0.7315436241610739,Sideways,1/2 ACCUMULATE-positive components,0.6342281879194632
102,ABB.NS,ABB,Unknown,2026-08-25,7627.0,ACCUMULATE,MEDIUM,0.26308665,0.5446801,0.19223319,0.7248322147651006,0.22502993,0.23428759,0.44966442953020136,0.6308724832214765,0.17519563465418853,0.785234899328859,Sideways,0/2 ACCUMULATE-positive components,0.6328859060402684
103,FEDERALBNK.NS,FEDERALBNK,Unknown,2026-08-25,346.95001220703125,ACCUMULATE,MEDIUM,0.24985762,0.5730685,0.17707391,0.5704697986577181,0.2429407,0.25031954,0.6308724832214765,0.959731543624161,0.15830601609914335,0.5704697986577181,Sideways,1/2 ACCUMULATE-positive components,0.6275167785234899
104,CONCOR.NS,CONCOR,Unknown,2026-08-25,516.0,ACCUMULATE,MEDIUM,0.25861484,0.5623714,0.17901376,0.6778523489932886,0.24147984,0.24898496,0.610738255033557,0.3691275167785235,0.17146608747263237,0.7181208053691275,Sideways,1/2 ACCUMULATE-positive components,0.6268456375838927
105,SOLARINDS.NS,SOLARINDS,Unknown,2026-08-11,18770.0,ACCUMULATE,MEDIUM,0.29422823,0.5169656,0.18880613,0.6569037656903766,0.26936376,0.27527,0.502092050209205,0.8075313807531381,0.21091736026420302,0.5732217573221757,Sideways,1/2 ACCUMULATE-positive components,0.6255230125523012
106,YESBANK.NS,YESBANK,Unknown,2026-08-11,22.75,ACCUMULATE,MEDIUM,0.28446046,0.5476063,0.16793323,0.5774058577405857,0.29005635,0.2958515,0.6527196652719666,0.8200836820083682,0.20848075712572067,0.5355648535564853,Sideways,1/2 ACCUMULATE-positive components,0.6242677824267782
107,APOLLOTYRE.NS,APOLLOTYRE,Unknown,2026-08-11,443.0,ACCUMULATE,MEDIUM,0.28529015,0.5300996,0.18461029,0.602510460251046,0.29100043,0.29681155,0.6652719665271967,0.602510460251046,0.2035701844570881,0.4351464435146444,Sideways,1/2 ACCUMULATE-positive components,0.6213389121338911
108,AUROPHARMA.NS,AUROPHARMA,Unknown,2026-08-25,1617.800048828125,ACCUMULATE,MEDIUM,0.25455377,0.55719376,0.18825248,0.6510067114093959,0.22634938,0.23544395,0.46308724832214765,0.87248322147651,0.12753076538161523,0.20134228187919462,Sideways,0/2 ACCUMULATE-positive components,0.6167785234899328
109,BPCL.NS,Bharat Petroleum,Energy,2026-08-25,318.1000061035156,ACCUMULATE,MEDIUM,0.25181025,0.5827984,0.16539133,0.6040268456375839,0.24013098,0.24775691,0.5973154362416108,0.7181208053691275,0.1557831046336752,0.5570469798657718,Sideways,1/2 ACCUMULATE-positive components,0.6134228187919463
110,GMRAIRPORT.NS,GMRAIRPORT,Unknown,2026-08-25,99.8499984741211,ACCUMULATE,MEDIUM,0.23403183,0.6196227,0.14634553,0.48322147651006714,0.2613286,0.26752168,0.825503355704698,0.7315436241610739,0.13846450542398595,0.2953020134228188,Sideways,1/2 ACCUMULATE-positive components,0.610738255033557
111,TMPV.NS,Tata Motors Passenger Vehicles,Automobile,2026-08-07,347.0,ACCUMULATE,MEDIUM,0.28885034,0.5157503,0.19539936,0.65,0.27667734,0.28244224,0.575,0.4708333333333333,0.21642915143221625,0.6416666666666667,Sideways,1/2 ACCUMULATE-positive components,0.6095833333333334
112,INDIGO.NS,INDIGO,Unknown,2026-08-25,5218.0,ACCUMULATE,MEDIUM,0.25314713,0.5510034,0.19584951,0.6174496644295302,0.25203422,0.25873366,0.7583892617449665,0.040268456375838924,0.17750075463752596,0.7986577181208053,Sideways,1/2 ACCUMULATE-positive components,0.602013422818792
113,TRIDENT.NS,TRIDENT,Unknown,2026-08-11,24.829999923706055,ACCUMULATE,MEDIUM,0.27638182,0.56131274,0.16230547,0.5188284518828452,0.29156038,0.29738182,0.6861924686192469,0.8410041841004184,0.1991635073396745,0.39330543933054396,Sideways,1/2 ACCUMULATE-positive components,0.601255230125523
114,TIINDIA.NS,TIINDIA,Unknown,2026-08-11,2780.0,ACCUMULATE,MEDIUM,0.28317586,0.52419776,0.19262639,0.5648535564853556,0.3008163,0.30689907,0.7447698744769874,0.2928870292887029,0.20402796749645472,0.4476987447698745,Sideways,1/2 ACCUMULATE-positive components,0.5916317991631799
115,TATAELXSI.NS,TATAELXSI,Unknown,2026-08-11,3795.0,ACCUMULATE,MEDIUM,0.28858128,0.50790966,0.20350908,0.6234309623430963,0.28810343,0.29387128,0.6276150627615062,0.2719665271966527,0.20858908692046238,0.5397489539748954,Sideways,1/2 ACCUMULATE-positive components,0.589539748953975
116,TVSMOTOR.NS,TVSMOTOR,Unknown,2026-08-25,4420.0,ACCUMULATE,MEDIUM,0.25288513,0.5534323,0.19368257,0.610738255033557,0.23365307,0.24191606,0.5302013422818792,0.6040268456375839,0.17751222914891057,0.8053691275167785,Sideways,1/2 ACCUMULATE-positive components,0.5859060402684564
117,PNB.NS,PNB,Unknown,2026-08-25,115.93000030517578,ACCUMULATE,MEDIUM,0.23163405,0.6201172,0.14824876,0.4697986577181208,0.25349715,0.26010436,0.7718120805369127,0.7114093959731543,0.14687339195682544,0.3959731543624161,Sideways,1/2 ACCUMULATE-positive components,0.5845637583892618
118,AJANTPHARM.NS,AJANTPHARM,Unknown,2026-08-11,3507.0,ACCUMULATE,MEDIUM,0.2855283,0.5249193,0.18955244,0.6108786610878661,0.2650619,0.27110443,0.4602510460251046,0.7949790794979079,0.17845685351727217,0.19456066945606695,Sideways,0/2 ACCUMULATE-positive components,0.5841004184100419
119,OBEROIRLTY.NS,OBEROIRLTY,Unknown,2026-08-25,1880.0,ACCUMULATE,MEDIUM,0.2512059,0.5565414,0.19225271,0.5973154362416108,0.23625186,0.24424796,0.5704697986577181,0.5302013422818792,0.181132319276771,0.8523489932885906,Sideways,1/2 ACCUMULATE-positive components,0.5825503355704698
120,ICICIGI.NS,ICICIGI,Unknown,2026-08-25,1616.0,ACCUMULATE,MEDIUM,0.25329185,0.5624761,0.1842321,0.6241610738255033,0.23653269,0.24450088,0.5771812080536913,0.2953020134228188,0.16698160111710642,0.6577181208053692,Sideways,1/2 ACCUMULATE-positive components,0.5771812080536913
121,BDL.NS,BDL,Unknown,2026-08-25,1359.9000244140625,ACCUMULATE,MEDIUM,0.25040942,0.55767995,0.19191062,0.5838926174496645,0.24492647,0.2521413,0.6577181208053692,0.2516778523489933,0.17492203861513153,0.7785234899328859,Sideways,1/2 ACCUMULATE-positive components,0.5728187919463088
122,COCHINSHIP.NS,COCHINSHIP,Unknown,2026-08-11,1496.0,ACCUMULATE,MEDIUM,0.28208828,0.5187724,0.19913925,0.5564853556485355,0.2911461,0.29695985,0.6736401673640168,0.36401673640167365,0.21186921396613356,0.5941422594142259,Sideways,1/2 ACCUMULATE-positive components,0.5723849372384937
123,MPHASIS.NS,MPHASIS,Unknown,2026-08-25,2431.89990234375,ACCUMULATE,MEDIUM,0.2596014,0.5434185,0.19698004,0.6845637583892618,0.23188841,0.24034129,0.5100671140939598,0.04697986577181208,0.16924476184587417,0.6778523489932886,Sideways,1/2 ACCUMULATE-positive components,0.5684563758389262
124,NMDC.NS,NMDC,Unknown,2026-08-25,85.94000244140625,ACCUMULATE,MEDIUM,0.2255983,0.629838,0.14456373,0.4228187919463087,0.248418,0.2553657,0.7114093959731543,0.9798657718120806,0.1361223374332808,0.28187919463087246,Sideways,1/2 ACCUMULATE-positive components,0.5651006711409396
125,NHPC.NS,NHPC,Unknown,2026-08-25,76.62000274658203,ACCUMULATE,MEDIUM,0.23923595,0.6118751,0.14888892,0.5100671140939598,0.24751541,0.25452957,0.697986577181208,0.46308724832214765,0.12137651709796018,0.15436241610738255,Sideways,1/2 ACCUMULATE-positive components,0.561744966442953
126,WIPRO.NS,Wipro,Information Technology,2026-08-25,180.08999633789062,ACCUMULATE,MEDIUM,0.25386256,0.5727708,0.17336667,0.6308724832214765,0.22127087,0.23101483,0.4228187919463087,0.4966442953020134,0.15105844354103684,0.47651006711409394,Sideways,0/2 ACCUMULATE-positive components,0.5550335570469798
127,IEX.NS,IEX,Unknown,2026-08-11,126.0,ACCUMULATE,MEDIUM,0.28331304,0.53856784,0.17811908,0.5690376569037657,0.28075075,0.2864857,0.5732217573221757,0.35564853556485354,0.2065172611619609,0.49372384937238495,Sideways,1/2 ACCUMULATE-positive components,0.5489539748953974
128,HDFCAMC.NS,HDFCAMC,Unknown,2026-08-25,2698.0,ACCUMULATE,MEDIUM,0.25101042,0.5598728,0.18911676,0.5906040268456376,0.239732,0.24739447,0.5906040268456376,0.10738255033557047,0.17279111636453892,0.7583892617449665,Sideways,1/2 ACCUMULATE-positive components,0.5422818791946309
129,SYNGENE.NS,SYNGENE,Unknown,2026-08-11,407.25,ACCUMULATE,MEDIUM,0.28896746,0.52169603,0.18933652,0.6317991631799164,0.2594966,0.26577458,0.4351464435146444,0.3054393305439331,0.20639930722113084,0.4895397489539749,Sideways,0/2 ACCUMULATE-positive components,0.5401673640167364
130,RVNL.NS,RVNL,Unknown,2026-08-11,230.0,ACCUMULATE,MEDIUM,0.28286934,0.5283892,0.18874148,0.5606694560669456,0.2651106,0.27115136,0.46443514644351463,0.5774058577405857,0.2133194102805625,0.6380753138075314,Sideways,0/2 ACCUMULATE-positive components,0.5334728033472803
131,HINDALCO.NS,Hindalco Industries,Metals,2026-08-25,1051.050048828125,ACCUMULATE,MEDIUM,0.25426018,0.55729634,0.1884435,0.6442953020134228,0.21506283,0.22568028,0.24161073825503357,0.738255033557047,0.13344107041557632,0.2550335570469799,Sideways,0/2 ACCUMULATE-positive components,0.5328859060402684
132,DEEPAKNTR.NS,DEEPAKNTR,Unknown,2026-08-25,1751.0,ACCUMULATE,MEDIUM,0.25006872,0.5608087,0.1891226,0.5771812080536913,0.23447575,0.24265262,0.5369127516778524,0.2516778523489933,0.17234919946180718,0.7449664429530202,Sideways,1/2 ACCUMULATE-positive components,0.5325503355704698
133,MAXHEALTH.NS,MAXHEALTH,Unknown,2026-08-25,1016.0,ACCUMULATE,MEDIUM,0.2485192,0.5736306,0.17785022,0.5570469798657718,0.23327136,0.24157481,0.5234899328859061,0.31208053691275167,0.15238141323833584,0.5033557046979866,Sideways,1/2 ACCUMULATE-positive components,0.52248322147651
134,TECHM.NS,Tech Mahindra,Information Technology,2026-08-25,1599.9000244140625,ACCUMULATE,MEDIUM,0.24097967,0.57855356,0.18046677,0.5302013422818792,0.22021492,0.23010127,0.3959731543624161,0.8523489932885906,0.1481300396325056,0.42953020134228187,Sideways,0/2 ACCUMULATE-positive components,0.5221476510067113
135,IOC.NS,Indian Oil Corporation,Energy,2026-08-25,139.0,ACCUMULATE,MEDIUM,0.23160703,0.6112662,0.15712681,0.46308724832214765,0.23489322,0.24302696,0.5503355704697986,0.7248322147651006,0.14656257653386165,0.38926174496644295,Sideways,1/2 ACCUMULATE-positive components,0.5154362416107383
136,HINDUNILVR.NS,Hindustan Unilever,Consumer Goods,2026-08-25,2024.199951171875,ACCUMULATE,MEDIUM,0.23694685,0.58948064,0.17357254,0.5033557046979866,0.23458764,0.2427529,0.5436241610738255,0.5033557046979866,0.12810432277759715,0.2080536912751678,Sideways,1/2 ACCUMULATE-positive components,0.5154362416107382
137,BAJAJFINSV.NS,Bajaj Finserv,Financial Services,2026-08-25,2004.0,ACCUMULATE,MEDIUM,0.23958345,0.5871899,0.17322665,0.5167785234899329,0.23021315,0.23885278,0.5033557046979866,0.48322147651006714,0.15207968754250914,0.4966442953020134,Sideways,1/2 ACCUMULATE-positive components,0.5093959731543625
138,SJVN.NS,SJVN,Unknown,2026-08-11,67.23999786376953,ACCUMULATE,MEDIUM,0.2737411,0.55462563,0.17163329,0.49372384937238495,0.27400383,0.27980727,0.5188284518828452,0.5606694560669456,0.21257498826238683,0.6276150627615062,Sideways,1/2 ACCUMULATE-positive components,0.507949790794979
139,IGL.NS,IGL,Unknown,2026-08-25,148.67999267578125,ACCUMULATE,MEDIUM,0.23971249,0.595983,0.16430444,0.5234899328859061,0.2272226,0.23621139,0.4865771812080537,0.4161073825503356,0.14751991651777147,0.4161073825503356,Sideways,0/2 ACCUMULATE-positive components,0.5016778523489933
140,RAILTEL.NS,RAILTEL,Unknown,2026-08-11,287.29998779296875,ACCUMULATE,MEDIUM,0.27901393,0.53291184,0.18807426,0.5397489539748954,0.2684106,0.2743436,0.48535564853556484,0.23430962343096234,0.2133194102805625,0.6380753138075314,Sideways,0/2 ACCUMULATE-positive components,0.49288702928870287
141,PHOENIXLTD.NS,PHOENIXLTD,Unknown,2026-08-11,1908.699951171875,ACCUMULATE,MEDIUM,0.2630195,0.545235,0.19174555,0.42677824267782427,0.26907486,0.27498898,0.49372384937238495,0.8786610878661087,0.2137006898930184,0.6506276150627615,Sideways,0/2 ACCUMULATE-positive components,0.4920502092050209
142,BLUESTARCO.NS,BLUESTARCO,Unknown,2026-08-11,1497.9000244140625,ACCUMULATE,MEDIUM,0.26953045,0.5360093,0.19446026,0.4602510460251046,0.2797639,0.28550294,0.5564853556485355,0.4769874476987448,0.20437152282009727,0.4602510460251046,Sideways,1/2 ACCUMULATE-positive components,0.4907949790794979
143,HONAUT.NS,HONAUT,Unknown,2026-08-25,36740.0,ACCUMULATE,MEDIUM,0.24872302,0.56888324,0.18239376,0.5637583892617449,0.22249627,0.23207816,0.42953020134228187,0.174496644295302,0.12723994540346278,0.19463087248322147,Sideways,0/2 ACCUMULATE-positive components,0.4845637583892617
144,ZFCVINDIA.NS,ZFCVINDIA,Unknown,2026-08-11,2615.0,ACCUMULATE,MEDIUM,0.27075294,0.5372739,0.19197318,0.47280334728033474,0.26924387,0.27515334,0.497907949790795,0.5146443514644351,0.18788664431103191,0.2384937238493724,Sideways,0/2 ACCUMULATE-positive components,0.4845188284518829
145,BIOCON.NS,BIOCON,Unknown,2026-08-25,417.2000122070313,ACCUMULATE,MEDIUM,0.23427208,0.6017061,0.16402182,0.4899328859060403,0.22028801,0.23016444,0.40268456375838924,0.6912751677852349,0.12129069151900546,0.1476510067114094,Sideways,0/2 ACCUMULATE-positive components,0.4838926174496644
146,DRREDDY.NS,Dr. Reddy's Laboratories,Healthcare,2026-08-25,1193.5,ACCUMULATE,MEDIUM,0.22760634,0.609365,0.1630287,0.44966442953020136,0.23881364,0.2465615,0.5838926174496645,0.26174496644295303,0.13154641656221586,0.2348993288590604,Sideways,1/2 ACCUMULATE-positive components,0.4711409395973154
147,INDUSTOWER.NS,INDUSTOWER,Unknown,2026-08-25,387.25,ACCUMULATE,MEDIUM,0.22032812,0.62533003,0.15434186,0.38926174496644295,0.22841887,0.23726557,0.4966442953020134,0.8456375838926175,0.1361838770004895,0.28859060402684567,Sideways,0/2 ACCUMULATE-positive components,0.4671140939597316
148,UNOMINDA.NS,UNOMINDA,Unknown,2026-08-11,1275.0,ACCUMULATE,MEDIUM,0.26130408,0.5507053,0.18799055,0.4100418410041841,0.27053922,0.2764151,0.5062761506276151,0.6652719665271967,0.20861188849752546,0.5439330543933054,Sideways,1/2 ACCUMULATE-positive components,0.46443514644351463
149,ADANIENT.NS,Adani Enterprises,Diversified,2026-08-25,3110.0,ACCUMULATE,MEDIUM,0.24733466,0.5700438,0.18262154,0.5503355704697986,0.21613073,0.22659166,0.30201342281879195,0.3959731543624161,0.15487587754988702,0.5369127516778524,Sideways,0/2 ACCUMULATE-positive components,0.4604026845637584
150,TATACONSUM.NS,Tata Consumer Products,Consumer Goods,2026-08-25,1060.5,ACCUMULATE,MEDIUM,0.21863358,0.6208255,0.16054091,0.3691275167785235,0.23243274,0.2408263,0.5167785234899329,0.7986577181208053,0.11321339622059491,0.10067114093959731,Sideways,1/2 ACCUMULATE-positive components,0.4563758389261745
151,SUNDARMFIN.NS,SUNDARMFIN,Unknown,2026-08-11,4447.39990234375,ACCUMULATE,MEDIUM,0.2659058,0.54161084,0.19248337,0.4476987447698745,0.28013068,0.28586796,0.5690376569037657,0.1589958158995816,0.21394651318581898,0.6610878661087866,Sideways,1/2 ACCUMULATE-positive components,0.4552301255230125
152,ITC.NS,ITC,Consumer Goods,2026-08-25,271.3999938964844,ACCUMULATE,MEDIUM,0.22497904,0.61809826,0.15692268,0.4161073825503356,0.22658965,0.23565492,0.4697986577181208,0.5503355704697986,0.11815216532156966,0.1342281879194631,Sideways,0/2 ACCUMULATE-positive components,0.44563758389261743
153,SRF.NS,SRF,Unknown,2026-08-11,2570.0,ACCUMULATE,MEDIUM,0.2621033,0.54450184,0.19339485,0.41841004184100417,0.27583346,0.2816089,0.5439330543933054,0.25523012552301255,0.21447399890321237,0.6841004184100419,Sideways,1/2 ACCUMULATE-positive components,0.4397489539748954
154,HDFCLIFE.NS,HDFC Life Insurance,Financial Services,2026-08-25,546.7000122070312,ACCUMULATE,MEDIUM,0.22829014,0.6039011,0.16780876,0.4563758389261745,0.22712661,0.23612694,0.47651006711409394,0.19798657718120805,0.15395116511290594,0.5302013422818792,Sideways,0/2 ACCUMULATE-positive components,0.43657718120805367
155,LALPATHLAB.NS,LALPATHLAB,Unknown,2026-08-25,1913.699951171875,ACCUMULATE,MEDIUM,0.23671281,0.5864259,0.17686124,0.4966442953020134,0.21517196,0.22577327,0.2550335570469799,0.5973154362416108,0.1359349070194616,0.2751677852348993,Sideways,0/2 ACCUMULATE-positive components,0.43422818791946305
156,KIMS.NS,KIMS,Unknown,2026-08-11,813.0499877929688,ACCUMULATE,MEDIUM,0.2594033,0.5505193,0.19007738,0.39330543933054396,0.25481406,0.26134226,0.401673640167364,0.6778242677824268,0.18969025157544533,0.24686192468619247,Sideways,0/2 ACCUMULATE-positive components,0.42426778242677826
157,GAIL.NS,GAIL,Unknown,2026-08-25,175.5,ACCUMULATE,MEDIUM,0.22212453,0.6251321,0.15274337,0.3959731543624161,0.21989082,0.22982137,0.3691275167785235,0.7583892617449665,0.14427438630783151,0.35570469798657717,Sideways,0/2 ACCUMULATE-positive components,0.42416107382550333
158,DABUR.NS,DABUR,Unknown,2026-08-25,395.0499877929687,ACCUMULATE,MEDIUM,0.22461505,0.61644226,0.15894265,0.40939597315436244,0.2272226,0.23621139,0.4865771812080537,0.2684563758389262,0.14304148840490585,0.3221476510067114,Sideways,0/2 ACCUMULATE-positive components,0.4184563758389262
159,LINDEINDIA.NS,LINDEINDIA,Unknown,2026-08-11,6972.0,ACCUMULATE,MEDIUM,0.26012295,0.55677545,0.1831016,0.40585774058577406,0.26109245,0.26729602,0.4476987447698745,0.26778242677824265,0.17541047855519484,0.1589958158995816,Sideways,0/2 ACCUMULATE-positive components,0.404602510460251
160,GLENMARK.NS,GLENMARK,Unknown,2026-08-11,2276.0,ACCUMULATE,MEDIUM,0.2557603,0.5612693,0.18297037,0.35564853556485354,0.25816572,0.26450992,0.42677824267782427,0.5648535564853556,0.192721926133795,0.2719665271966527,Sideways,0/2 ACCUMULATE-positive components,0.39790794979079497
161,ONGC.NS,Oil and Natural Gas Corporation,Energy,2026-08-25,234.0,ACCUMULATE,MEDIUM,0.21555479,0.6318645,0.15258072,0.33557046979865773,0.2200201,0.22993301,0.3825503355704698,0.697986577181208,0.09741587806250115,0.040268456375838924,Sideways,0/2 ACCUMULATE-positive components,0.3859060402684564
162,SUPREMEIND.NS,SUPREMEIND,Unknown,2026-08-11,3435.0,ACCUMULATE,MEDIUM,0.2645054,0.53933203,0.19616258,0.4351464435146444,0.2514097,0.25814995,0.39330543933054396,0.06276150627615062,0.1950768797546983,0.29707112970711297,Sideways,0/2 ACCUMULATE-positive components,0.3853556485355648
163,MFSL.NS,MFSL,Unknown,2026-08-25,1592.5,ACCUMULATE,MEDIUM,0.22606397,0.6074988,0.16643722,0.42953020134228187,0.2166381,0.22702558,0.3087248322147651,0.30201342281879195,0.14833951919381771,0.436241610738255,Sideways,0/2 ACCUMULATE-positive components,0.38053691275167784
164,TATAINVEST.NS,TATAINVEST,Unknown,2026-08-11,688.75,ACCUMULATE,MEDIUM,0.25969633,0.5463226,0.1939811,0.39748953974895396,0.2410535,0.24859637,0.2928870292887029,0.46443514644351463,0.19627585523065624,0.32217573221757323,Sideways,0/2 ACCUMULATE-positive components,0.3728033472803347
165,NESTLEIND.NS,Nestle India,Consumer Goods,2026-08-25,1479.0,ACCUMULATE,MEDIUM,0.20463626,0.64172804,0.15363573,0.19463087248322147,0.23569718,0.243749,0.5637583892617449,0.8322147651006712,0.11688180815786248,0.12080536912751678,Sideways,1/2 ACCUMULATE-positive components,0.36912751677852346
166,COLPAL.NS,COLPAL,Unknown,2026-08-25,1876.800048828125,ACCUMULATE,MEDIUM,0.21967162,0.6130871,0.16724129,0.3825503355704698,0.22019799,0.23008664,0.38926174496644295,0.2214765100671141,0.13259420684236048,0.24161073825503357,Sideways,0/2 ACCUMULATE-positive components,0.36845637583892615
167,BOSCHLTD.NS,BOSCHLTD,Unknown,2026-08-25,48680.0,ACCUMULATE,MEDIUM,0.22654141,0.59735954,0.17609905,0.4429530201342282,0.20590557,0.2179719,0.14093959731543623,0.5234899328859061,0.20247684645123848,0.9463087248322147,Sideways,0/2 ACCUMULATE-positive components,0.3604026845637584
168,APLAPOLLO.NS,APLAPOLLO,Unknown,2026-08-25,2139.300048828125,ACCUMULATE,MEDIUM,0.20885986,0.62244105,0.16869907,0.2483221476510067,0.22048937,0.23033847,0.40939597315436244,0.7785234899328859,0.16824993504495275,0.6644295302013423,Sideways,0/2 ACCUMULATE-positive components,0.3496644295302013
169,CUMMINSIND.NS,CUMMINSIND,Unknown,2026-08-25,5239.5,ACCUMULATE,MEDIUM,0.21925439,0.6072561,0.17348947,0.37583892617449666,0.21170019,0.22282743,0.18791946308724833,0.6644295302013423,0.14372272796995667,0.348993288590604,Sideways,0/2 ACCUMULATE-positive components,0.3483221476510067
170,LICHSGFIN.NS,LICHSGFIN,Unknown,2026-08-25,506.0,ACCUMULATE,MEDIUM,0.21546933,0.6252769,0.15925369,0.3288590604026846,0.22290546,0.23243399,0.436241610738255,0.19798657718120805,0.1531142863671165,0.5100671140939598,Sideways,0/2 ACCUMULATE-positive components,0.347986577181208
171,DMART.NS,DMART,Unknown,2026-08-25,3909.60009765625,ACCUMULATE,MEDIUM,0.23352085,0.59079623,0.17568287,0.47651006711409394,0.21177612,0.22289157,0.19463087248322147,0.03355704697986577,0.12061783504337845,0.14093959731543623,Sideways,0/2 ACCUMULATE-positive components,0.34765100671140936
172,SUNTV.NS,SUNTV,Unknown,2026-08-11,483.7000122070313,ACCUMULATE,MEDIUM,0.25882912,0.5636087,0.17756213,0.38493723849372385,0.24336499,0.25070804,0.3263598326359833,0.17154811715481172,0.19279963861244748,0.27615062761506276,Sideways,0/2 ACCUMULATE-positive components,0.34602510460251046
173,PETRONET.NS,PETRONET,Unknown,2026-08-25,292.5,ACCUMULATE,MEDIUM,0.2154546,0.6304132,0.15413228,0.3221476510067114,0.21563622,0.22616929,0.2684563758389262,0.6778523489932886,0.15207509439740957,0.4899328859060403,Sideways,0/2 ACCUMULATE-positive components,0.3416107382550335
174,PAGEIND.NS,PAGEIND,Unknown,2026-08-11,38440.0,ACCUMULATE,MEDIUM,0.2586676,0.55364794,0.18768442,0.3807531380753138,0.24282475,0.25021344,0.3179916317991632,0.06694560669456066,0.18187856716536363,0.2217573221757322,Sideways,0/2 ACCUMULATE-positive components,0.3305439330543933
175,STARHEALTH.NS,STARHEALTH,Unknown,2026-08-11,584.7000122070312,ACCUMULATE,MEDIUM,0.24237207,0.5810516,0.17657636,0.24267782426778242,0.24605398,0.2531796,0.34309623430962344,0.8117154811715481,0.16603241460681686,0.10460251046025104,Sideways,0/2 ACCUMULATE-positive components,0.3297071129707113
176,ZYDUSLIFE.NS,ZYDUSLIFE,Unknown,2026-08-25,1124.5,ACCUMULATE,MEDIUM,0.21592644,0.6170981,0.16697551,0.3422818791946309,0.2129505,0.22388516,0.2080536912751678,0.5704697986577181,0.1334842463848128,0.26174496644295303,Sideways,0/2 ACCUMULATE-positive components,0.3248322147651007
177,TATAPOWER.NS,TATAPOWER,Unknown,2026-08-25,370.6000061035156,ACCUMULATE,MEDIUM,0.21308441,0.63606197,0.15085359,0.2953020134228188,0.21999349,0.22991002,0.37583892617449666,0.348993288590604,0.09931159619152678,0.04697986577181208,Sideways,0/2 ACCUMULATE-positive components,0.32483221476510066
178,NTPC.NS,NTPC,Power,2026-08-25,339.8500061035156,ACCUMULATE,MEDIUM,0.20907249,0.6442374,0.14669013,0.26174496644295303,0.21972848,0.22968125,0.3624161073825503,0.5906040268456376,0.09733590325390182,0.03355704697986577,Sideways,0/2 ACCUMULATE-positive components,0.32483221476510066
179,BAJAJ-AUTO.NS,Bajaj Auto,Automobile,2026-08-25,11927.0,ACCUMULATE,MEDIUM,0.22245157,0.59803027,0.17951818,0.40268456375838924,0.1996984,0.21285589,0.053691275167785234,0.6510067114093959,0.14598846876758173,0.37583892617449666,Sideways,0/2 ACCUMULATE-positive components,0.3228187919463087
180,BAJAJHLDNG.NS,BAJAJHLDNG,Unknown,2026-08-25,11290.0,ACCUMULATE,MEDIUM,0.22645932,0.5954237,0.17811695,0.436241610738255,0.21142355,0.22259387,0.18120805369127516,0.026845637583892617,0.15111759634185862,0.48322147651006714,Sideways,0/2 ACCUMULATE-positive components,0.3187919463087248
181,CIPLA.NS,Cipla,Healthcare,2026-08-25,1422.0,ACCUMULATE,MEDIUM,0.21129818,0.6304458,0.15825604,0.2751677852348993,0.22508284,0.23433387,0.4563758389261745,0.16778523489932887,0.10527350092821598,0.08053691275167785,Sideways,0/2 ACCUMULATE-positive components,0.3187919463087248
182,JSWENERGY.NS,JSWENERGY,Unknown,2026-08-25,548.4000244140625,ACCUMULATE,MEDIUM,0.21394487,0.6291774,0.15687768,0.30201342281879195,0.21541137,0.22597744,0.26174496644295303,0.5637583892617449,0.1417168679096301,0.31543624161073824,Sideways,0/2 ACCUMULATE-positive components,0.31610738255033555
183,HUDCO.NS,HUDCO,Unknown,2026-08-11,195.77000427246097,ACCUMULATE,MEDIUM,0.2470526,0.5867356,0.16621181,0.26778242677824265,0.25768042,0.26404974,0.4225941422594142,0.27615062761506276,0.19576926731908745,0.30962343096234307,Sideways,0/2 ACCUMULATE-positive components,0.3150627615062761
184,POLYCAB.NS,POLYCAB,Unknown,2026-08-11,9125.0,ACCUMULATE,MEDIUM,0.23587176,0.59250814,0.1716201,0.200836820083682,0.2608235,0.26703924,0.4435146443514644,0.5815899581589958,0.19399145148747046,0.28870292887029286,Sideways,0/2 ACCUMULATE-positive components,0.3117154811715481
185,360ONE.NS,360ONE,Unknown,2026-08-11,1168.0,ACCUMULATE,MEDIUM,0.24860467,0.56705517,0.18434013,0.28451882845188287,0.23718011,0.24508458,0.2594142259414226,0.6192468619246861,0.21595508016578663,0.7071129707112971,Sideways,0/2 ACCUMULATE-positive components,0.3104602510460251
186,SHREECEM.NS,SHREECEM,Unknown,2026-08-25,24440.0,ACCUMULATE,MEDIUM,0.21627527,0.6179509,0.16577376,0.348993288590604,0.21680275,0.22716655,0.31543624161073824,0.053691275167785234,0.14997882979300975,0.4429530201342282,Sideways,0/2 ACCUMULATE-positive components,0.3093959731543624
187,TITAN.NS,Titan Company,Consumer Durables,2026-08-25,5124.7998046875,ACCUMULATE,MEDIUM,0.21814352,0.6126759,0.16918057,0.35570469798657717,0.20210284,0.21482718,0.09395973154362416,0.6577181208053692,0.1641870915047367,0.6241610738255033,Sideways,0/2 ACCUMULATE-positive components,0.3073825503355705
188,RAMCOCEM.NS,RAMCOCEM,Unknown,2026-08-11,934.0499877929688,ACCUMULATE,MEDIUM,0.25331253,0.5587541,0.1879334,0.32217573221757323,0.2419005,0.24936877,0.30962343096234307,0.19665271966527198,0.19536623881109896,0.3054393305439331,Sideways,0/2 ACCUMULATE-positive components,0.30585774058577403
189,SIEMENS.NS,SIEMENS,Unknown,2026-08-25,4090.5,ACCUMULATE,MEDIUM,0.21823609,0.6080228,0.17374112,0.3624161073825503,0.20350733,0.2159848,0.10738255033557047,0.5369127516778524,0.16600333036095766,0.6442953020134228,Sideways,0/2 ACCUMULATE-positive components,0.30335570469798656
190,ENDURANCE.NS,ENDURANCE,Unknown,2026-08-11,2987.800048828125,ACCUMULATE,MEDIUM,0.25399545,0.5571848,0.18881975,0.34309623430962344,0.23647179,0.244446,0.24686192468619247,0.2175732217573222,0.19617932082217868,0.3179916317991632,Sideways,0/2 ACCUMULATE-positive components,0.30167364016736403
191,MAZDOCK.NS,MAZDOCK,Unknown,2026-08-11,2554.0,ACCUMULATE,MEDIUM,0.2521156,0.5613179,0.18656644,0.30962343096234307,0.24746722,0.25448498,0.3514644351464435,0.03347280334728033,0.1993255349183903,0.39748953974895396,Sideways,0/2 ACCUMULATE-positive components,0.2945606694560669
192,KOTAKBANK.NS,Kotak Mahindra Bank,Financial Services,2026-08-25,401.6000061035156,ACCUMULATE,MEDIUM,0.20819001,0.6441114,0.14769864,0.22818791946308725,0.21780233,0.2280235,0.3422818791946309,0.5167785234899329,0.15075144241412258,0.4697986577181208,Sideways,0/2 ACCUMULATE-positive components,0.29127516778523493
193,BEL.NS,BEL,Unknown,2026-08-25,413.25,ACCUMULATE,MEDIUM,0.20942442,0.64008695,0.15048863,0.2684563758389262,0.21391104,0.22470018,0.2214765100671141,0.6375838926174496,0.127038064470489,0.18791946308724833,Sideways,0/2 ACCUMULATE-positive components,0.2912751677852349
194,COALINDIA.NS,Coal India,Energy,2026-08-25,404.0,ACCUMULATE,MEDIUM,0.20850967,0.6446958,0.14679451,0.2348993288590604,0.21605116,0.22652367,0.29194630872483224,0.6174496644295302,0.11157685585104969,0.087248322147651,Sideways,0/2 ACCUMULATE-positive components,0.2902684563758389
195,WHIRLPOOL.NS,WHIRLPOOL,Unknown,2026-08-11,795.0499877929688,ACCUMULATE,MEDIUM,0.2537481,0.55036855,0.19588336,0.33472803347280333,0.23656942,0.24453396,0.2510460251046025,0.0794979079497908,0.20396801886438284,0.4435146443514644,Sideways,0/2 ACCUMULATE-positive components,0.28410041841004186
196,ADANIPORTS.NS,Adani Ports and SEZ,Infrastructure,2026-08-25,1702.699951171875,ACCUMULATE,MEDIUM,0.19296849,0.6601011,0.14693037,0.06040268456375839,0.23516679,0.24327247,0.5570469798657718,0.7516778523489933,0.1551866236578403,0.5503355704697986,Sideways,1/2 ACCUMULATE-positive components,0.2785234899328859
197,VOLTAS.NS,VOLTAS,Unknown,2026-08-11,1280.0,ACCUMULATE,MEDIUM,0.24848397,0.5689291,0.18258697,0.2803347280334728,0.23893346,0.24667008,0.2803347280334728,0.20920502092050208,0.1963726474002662,0.3263598326359833,Sideways,0/2 ACCUMULATE-positive components,0.27322175732217574
198,TATACHEM.NS,TATACHEM,Unknown,2026-08-11,668.75,ACCUMULATE,MEDIUM,0.253489,0.5555474,0.19096357,0.3263598326359833,0.23397502,0.24220411,0.200836820083682,0.13807531380753138,0.18774731992699267,0.23430962343096234,Sideways,0/2 ACCUMULATE-positive components,0.2698744769874477
199,BRITANNIA.NS,Britannia Industries,Consumer Goods,2026-08-25,5382.5,ACCUMULATE,MEDIUM,0.2046123,0.64182407,0.15356362,0.18791946308724833,0.21801902,0.22820958,0.35570469798657717,0.47651006711409394,0.09274551093736448,0.006711409395973154,Sideways,0/2 ACCUMULATE-positive components,0.2671140939597315
200,DALBHARAT.NS,DALBHARAT,Unknown,2026-08-25,1824.0,ACCUMULATE,MEDIUM,0.21226586,0.6190765,0.16865766,0.28187919463087246,0.21570933,0.2262317,0.2751677852348993,0.1342281879194631,0.15070879717231117,0.46308724832214765,Sideways,0/2 ACCUMULATE-positive components,0.26510067114093955
201,TORNTPHARM.NS,TORNTPHARM,Unknown,2026-08-25,4932.0,ACCUMULATE,MEDIUM,0.21467234,0.6094558,0.17587185,0.31543624161073824,0.2017479,0.21453536,0.08053691275167785,0.5100671140939598,0.13444116552340837,0.2684563758389262,Sideways,0/2 ACCUMULATE-positive components,0.2644295302013423
202,POWERGRID.NS,Power Grid Corporation,Power,2026-08-25,271.0,ACCUMULATE,MEDIUM,0.20799738,0.6455688,0.14643386,0.2214765100671141,0.21605116,0.22652367,0.29194630872483224,0.4228187919463087,0.09678767308754634,0.026845637583892617,Sideways,0/2 ACCUMULATE-positive components,0.262751677852349
203,FORTIS.NS,FORTIS,Unknown,2026-08-25,923.9500122070312,ACCUMULATE,MEDIUM,0.20898524,0.63162124,0.15939349,0.2550335570469799,0.21598378,0.22646607,0.28187919463087246,0.2348993288590604,0.12664592690565754,0.18120805369127516,Sideways,0/2 ACCUMULATE-positive components,0.2610738255033557
204,TORNTPOWER.NS,TORNTPOWER,Unknown,2026-08-11,1330.4000244140625,ACCUMULATE,MEDIUM,0.24786316,0.566562,0.18557481,0.27615062761506276,0.23548381,0.2435572,0.2384937238493724,0.22594142259414227,0.20792977357199294,0.5188284518828452,Sideways,0/2 ACCUMULATE-positive components,0.2598326359832636
205,HDFCBANK.NS,HDFC Bank,Financial Services,2026-08-25,727.5,ACCUMULATE,MEDIUM,0.20327592,0.6400178,0.15670626,0.16778523489932887,0.2230971,0.2326008,0.4429530201342282,0.19798657718120805,0.14364833151021572,0.33557046979865773,Sideways,0/2 ACCUMULATE-positive components,0.2533557046979866
206,MANKIND.NS,MANKIND,Unknown,2026-08-25,2365.0,ACCUMULATE,MEDIUM,0.20862399,0.63373697,0.15763906,0.24161073825503357,0.21683188,0.22719148,0.3221476510067114,0.08053691275167785,0.12333920493699882,0.16778523489932887,Sideways,0/2 ACCUMULATE-positive components,0.24966442953020132
207,JSL.NS,JSL,Unknown,2026-08-25,701.4000244140625,ACCUMULATE,MEDIUM,0.20571938,0.6335324,0.16074818,0.2080536912751678,0.21778093,0.22800513,0.33557046979865773,0.19798657718120805,0.1436208407010741,0.3288590604026846,Sideways,0/2 ACCUMULATE-positive components,0.2453020134228188
208,AXISBANK.NS,Axis Bank,Financial Services,2026-08-25,1235.0,ACCUMULATE,MEDIUM,0.19618821,0.6519345,0.15187728,0.11409395973154363,0.21797587,0.22817253,0.348993288590604,0.6711409395973155,0.14159931842245013,0.3087248322147651,Sideways,0/2 ACCUMULATE-positive components,0.24026845637583893
209,JINDALSTEL.NS,JINDALSTEL,Unknown,2026-08-25,1154.0999755859375,ACCUMULATE,MEDIUM,0.2055899,0.6343913,0.16001877,0.20134228187919462,0.21186213,0.22296423,0.20134228187919462,0.5436241610738255,0.15829400441296304,0.5637583892617449,Sideways,0/2 ACCUMULATE-positive components,0.2355704697986577
210,TATASTEEL.NS,Tata Steel,Metals,2026-08-25,186.94000244140625,ACCUMULATE,MEDIUM,0.19837075,0.65954655,0.14208269,0.14093959731543623,0.21514066,0.2257466,0.2483221476510067,0.7046979865771812,0.1256172899424726,0.174496644295302,Sideways,0/2 ACCUMULATE-positive components,0.22953020134228186
211,HAL.NS,HAL,Unknown,2026-08-25,4900.0,ACCUMULATE,MEDIUM,0.21426539,0.6127563,0.17297828,0.3087248322147651,0.20018315,0.21325225,0.06711409395973154,0.12080536912751678,0.16225859887341051,0.6040268456375839,Sideways,0/2 ACCUMULATE-positive components,0.2174496644295302
212,MRF.NS,MRF,Unknown,2026-08-25,132295.0,ACCUMULATE,MEDIUM,0.21236186,0.62405,0.16358805,0.28859060402684567,0.20450039,0.21680601,0.12080536912751678,0.006711409395973154,0.1304497285185014,0.2214765100671141,Sideways,0/2 ACCUMULATE-positive components,0.21006711409395973
213,ACC.NS,ACC,Unknown,2026-08-25,1305.9000244140625,ACCUMULATE,MEDIUM,0.20096987,0.63871056,0.16031957,0.15436241610738255,0.21766536,0.22790594,0.3288590604026846,0.1610738255033557,0.1454889413083029,0.3691275167785235,Sideways,0/2 ACCUMULATE-positive components,0.20738255033557046
214,LT.NS,Larsen & Toubro,Capital Goods,2026-08-25,4119.0,ACCUMULATE,MEDIUM,0.19408843,0.65645033,0.14946127,0.087248322147651,0.22113979,0.23090127,0.4161073825503356,0.1476510067114094,0.18416030791876353,0.8993288590604027,Sideways,0/2 ACCUMULATE-positive components,0.19194630872483223
215,GLAXO.NS,GLAXO,Unknown,2026-08-11,2601.89990234375,ACCUMULATE,MEDIUM,0.23744096,0.58134073,0.18121831,0.21338912133891214,0.23244844,0.24084029,0.19665271966527198,0.012552301255230125,0.1679180914222437,0.12133891213389121,Sideways,0/2 ACCUMULATE-positive components,0.18828451882845187
216,JBCHEPHARM.NS,JBCHEPHARM,Unknown,2026-07-16,2408.89990234375,ACCUMULATE,MEDIUM,0.23064119,0.5733453,0.1960135,0.14937759336099585,0.21291775,0.22385743,0.06639004149377593,0.7219917012448133,0.13820156554018945,0.34024896265560167,Sideways,0/2 ACCUMULATE-positive components,0.18174273858921164
217,APOLLOHOSP.NS,Apollo Hospitals,Healthcare,2026-08-25,8889.0,ACCUMULATE,MEDIUM,0.20432673,0.6426169,0.15305632,0.174496644295302,0.21436565,0.22508669,0.22818791946308725,0.06040268456375839,0.1038797550130793,0.0738255033557047,Sideways,0/2 ACCUMULATE-positive components,0.17919463087248322
218,MARUTI.NS,Maruti Suzuki India,Automobile,2026-08-25,13678.0,ACCUMULATE,MEDIUM,0.20594625,0.6313781,0.16267562,0.21476510067114093,0.20311116,0.2156578,0.10067114093959731,0.09395973154362416,0.15026449355590196,0.44966442953020136,Sideways,0/2 ACCUMULATE-positive components,0.16845637583892614
219,MARICO.NS,MARICO,Unknown,2026-08-25,847.5,ACCUMULATE,MEDIUM,0.19299544,0.6570981,0.14990643,0.06711409395973154,0.20791581,0.21964766,0.1476510067114094,0.825503355704698,0.09498543409629027,0.020134228187919462,Sideways,0/2 ACCUMULATE-positive components,0.16711409395973156
220,EICHERMOT.NS,Eicher Motors,Automobile,2026-08-25,8055.0,ACCUMULATE,MEDIUM,0.20170908,0.6314397,0.16685128,0.1610738255033557,0.19918883,0.2124398,0.040268456375838924,0.5838926174496645,0.16629222162934357,0.6510067114093959,Sideways,0/2 ACCUMULATE-positive components,0.16711409395973154
221,SBIN.NS,State Bank of India,Financial Services,2026-08-25,1048.0,ACCUMULATE,MEDIUM,0.18351032,0.6684158,0.14807388,0.020134228187919462,0.21314357,0.22404881,0.21476510067114093,0.8053691275167785,0.11724837082056153,0.12751677852348994,Sideways,0/2 ACCUMULATE-positive components,0.15704697986577182
222,LUPIN.NS,LUPIN,Unknown,2026-08-25,2175.5,ACCUMULATE,MEDIUM,0.1940027,0.65617764,0.14981966,0.08053691275167785,0.21449798,0.22519927,0.2348993288590604,0.37583892617449666,0.11384532736418361,0.10738255033557047,Sideways,0/2 ACCUMULATE-positive components,0.15637583892617452
223,BHARTIARTL.NS,Bharti Airtel,Telecom,2026-08-25,1947.0,ACCUMULATE,MEDIUM,0.1978342,0.6487345,0.15343133,0.12751677852348994,0.20157531,0.21439354,0.0738255033557047,0.4563758389261745,0.1010874359217823,0.06040268456375839,Sideways,0/2 ACCUMULATE-positive components,0.14429530201342283
224,RELIANCE.NS,Reliance Industries,Energy,2026-08-25,1317.0,ACCUMULATE,MEDIUM,0.1965893,0.65049535,0.15291536,0.12080536912751678,0.2087576,0.22035213,0.15436241610738255,0.15436241610738255,0.12137843926047061,0.1610738255033557,Sideways,0/2 ACCUMULATE-positive components,0.1342281879194631
225,M&M.NS,Mahindra & Mahindra,Automobile,2026-08-25,3443.0,ACCUMULATE,MEDIUM,0.19930999,0.6419205,0.15876953,0.1476510067114094,0.20518175,0.21737081,0.12751677852348994,0.06711409395973154,0.15904512740184157,0.5771812080536913,Sideways,0/2 ACCUMULATE-positive components,0.13355704697986576
226,JSWSTEEL.NS,JSWSTEEL,Unknown,2026-08-25,1320.300048828125,ACCUMULATE,MEDIUM,0.18264161,0.6697885,0.1475699,0.013422818791946308,0.20929249,0.22080062,0.1610738255033557,0.7449664429530202,0.14027799156481613,0.30201342281879195,Sideways,0/2 ACCUMULATE-positive components,0.13087248322147652
227,HAVELLS.NS,HAVELLS,Unknown,2026-08-25,1269.0999755859375,ACCUMULATE,MEDIUM,0.19466586,0.64734083,0.15799332,0.10067114093959731,0.20931758,0.22082166,0.16778523489932887,0.18120805369127516,0.13003294692199766,0.21476510067114093,Sideways,0/2 ACCUMULATE-positive components,0.12885906040268458
228,GRASIM.NS,Grasim Industries,Diversified,2026-08-25,3289.60009765625,ACCUMULATE,MEDIUM,0.20447223,0.63238746,0.16314033,0.18120805369127516,0.19517785,0.2091855,0.013422818791946308,0.14093959731543623,0.16326870383651765,0.6174496644295302,Sideways,0/2 ACCUMULATE-positive components,0.1268456375838926
229,SBILIFE.NS,SBI Life Insurance,Financial Services,2026-08-25,1755.0,ACCUMULATE,MEDIUM,0.1939995,0.6566238,0.14937674,0.0738255033557047,0.21097897,0.22221893,0.174496644295302,0.24161073825503357,0.1036199240892986,0.06711409395973154,Sideways,0/2 ACCUMULATE-positive components,0.12080536912751677
230,CASTROLIND.NS,CASTROLIND,Unknown,2026-08-11,186.82000732421875,ACCUMULATE,MEDIUM,0.22505355,0.61558837,0.15935807,0.12133891213389121,0.21132231,0.22250846,0.029288702928870293,0.3138075313807531,0.13970672005238718,0.012552301255230125,Sideways,0/2 ACCUMULATE-positive components,0.11297071129707112
231,SUNPHARMA.NS,Sun Pharmaceutical,Healthcare,2026-08-25,1922.0,ACCUMULATE,MEDIUM,0.19427168,0.65648454,0.1492438,0.09395973154362416,0.19915274,0.21241035,0.03355704697986577,0.436241610738255,0.10085503281055262,0.053691275167785234,Sideways,0/2 ACCUMULATE-positive components,0.11006711409395972
232,HEROMOTOCO.NS,Hero MotoCorp,Automobile,2026-08-25,5624.5,ACCUMULATE,MEDIUM,0.19810507,0.6432932,0.15860179,0.1342281879194631,0.19363223,0.20794125,0.006711409395973154,0.22818791946308725,0.16569591736742298,0.6375838926174496,Sideways,0/2 ACCUMULATE-positive components,0.10536912751677853
233,SCHAEFFLER.NS,SCHAEFFLER,Unknown,2026-08-11,4151.2998046875,ACCUMULATE,MEDIUM,0.21876685,0.61559314,0.16564001,0.09623430962343096,0.2277172,0.23664686,0.1297071129707113,0.04184100418410042,0.19824468508427162,0.36401673640167365,Sideways,0/2 ACCUMULATE-positive components,0.10083682008368201
234,ICICIBANK.NS,ICICI Bank,Financial Services,2026-08-25,1422.699951171875,ACCUMULATE,MEDIUM,0.18445936,0.67009234,0.14544827,0.03355704697986577,0.20176151,0.21454653,0.087248322147651,0.42953020134228187,0.11541352893776248,0.11409395973154363,Sideways,0/2 ACCUMULATE-positive components,0.08926174496644296
235,BAYERCROP.NS,BAYERCROP,Unknown,2026-08-11,4116.10009765625,ACCUMULATE,MEDIUM,0.22120295,0.60294354,0.17585349,0.10460251046025104,0.22322595,0.232713,0.0794979079497908,0.02092050209205021,0.18093300720331407,0.21338912133891214,Sideways,0/2 ACCUMULATE-positive components,0.0887029288702929
236,ASIANPAINT.NS,Asian Paints,Consumer Durables,2026-08-25,2639.800048828125,ACCUMULATE,MEDIUM,0.18644266,0.6699622,0.1435951,0.040268456375838924,0.20384918,0.21626723,0.11409395973154363,0.21476510067114093,0.11212043174924789,0.09395973154362416,Sideways,0/2 ACCUMULATE-positive components,0.07986577181208054
237,ESCORTS.NS,ESCORTS,Unknown,2026-08-25,3064.800048828125,ACCUMULATE,MEDIUM,0.1953053,0.6456396,0.15905511,0.10738255033557047,0.1991262,0.21238871,0.026845637583892617,0.020134228187919462,0.1464430279887579,0.3825503355704698,Sideways,0/2 ACCUMULATE-positive components,0.074496644295302
238,INDHOTEL.NS,INDHOTEL,Unknown,2026-08-25,730.0,ACCUMULATE,MEDIUM,0.18212618,0.6706511,0.1472228,0.006711409395973154,0.20583735,0.21791522,0.1342281879194631,0.2751677852348993,0.14509747889137778,0.3624161073825503,Sideways,0/2 ACCUMULATE-positive components,0.07181208053691275
239,PIDILITIND.NS,PIDILITIND,Unknown,2026-08-25,1651.0999755859375,ACCUMULATE,MEDIUM,0.18438111,0.6653698,0.1502491,0.026845637583892617,0.19894579,0.21224156,0.020134228187919462,0.4697986577181208,0.13284958464470856,0.2483221476510067,Sideways,0/2 ACCUMULATE-positive components,0.0691275167785235
240,ALKEM.NS,ALKEM,Unknown,2026-08-25,5368.0,ACCUMULATE,MEDIUM,0.19194151,0.6589303,0.14912817,0.053691275167785234,0.19978875,0.21292971,0.06040268456375839,0.11409395973154363,0.09366158042905337,0.013422818791946308,Sideways,0/2 ACCUMULATE-positive components,0.06174496644295302
241,ULTRACEMCO.NS,UltraTech Cement,Cement,2026-08-25,11540.0,ACCUMULATE,MEDIUM,0.18722868,0.66407746,0.14869381,0.04697986577181208,0.19966152,0.21282573,0.04697986577181208,0.0738255033557047,0.1618249381881647,0.5973154362416108,Sideways,0/2 ACCUMULATE-positive components,0.049664429530201344
